,Index,Category,R2,RMSE,MSE,RPD,MAE,Explained Var
182,GEOR030109,sec_struct,0.2739374594642707,5.059103075319301,25.594523926705214,1.1735807696568894,3.8162550426345523,0.27970825008488953
409,QIAN880109,sec_struct,-0.3073024405612781,6.528887467795346,42.626371567135116,0.8746050165236705,4.947738364343646,-0.3030444640762888
135,FAUJ880105,geometry,-0.3654334277945961,8.266949040411012,68.34244643675255,0.8557851272853992,5.7079630923359,-0.2996017843485712
27,AVBF000104,polar,-0.5151610012112102,6.895103416166839,47.542451119635615,0.8124012973267996,4.956710019200368,-0.5104675980647515
417,QIAN880117,sec_struct,-0.6570562715478505,7.609639093968892,57.90660714045969,0.776839628004764,6.061326048231077,-0.6417161177640407
68,CHAM830105,geometry,-0.6915982673902603,6.448233420941805,41.57971425095085,0.7688672884279827,4.64740961409882,-0.6875951522358217
321,NAGK730102,sec_struct,-0.9381340263432094,8.391840469314568,70.42298646242575,0.7183036890853516,5.226964814622641,-0.918032451388858
131,FAUJ880101,geometry,-0.9463931399402918,9.229727494710206,85.18786962660954,0.7167780829737016,5.894789222766631,-0.8738601021218511
10,AURR980107,sec_struct,-0.9712378889718309,8.465293795958521,71.66119905189382,0.712246757761215,6.180032977773372,-0.9006941155087977
311,MUNV940104,sec_struct,-1.165324468187547,8.255209776098768,68.14848844739669,0.6795767439120163,5.908068408178736,-1.1616244945874779
361,PALJ810102,sec_struct,-1.172339785976333,8.429078800859784,71.04936943110383,0.6784785496845378,5.939456453242793,-1.1193738301588048
94,CIDH920101,hydrophobic,-1.2676949964750208,9.757141376923572,95.20180784927402,0.6640605474295375,6.232207513666032,-1.2569705305297947
530,VHEG790101,hydrophobic,-1.3022972677037483,9.303942427370787,86.56334469183021,0.6590514212916158,6.007083735933638,-1.283846510019854
178,GEOR030105,sec_struct,-1.3166064244403968,8.22989201809337,67.73112262947697,0.6570128623013792,5.345465361204977,-1.24265024804264
143,FAUJ880113,polar,-1.3566201877766488,9.121389698655394,83.19975003473674,0.651411172757297,5.862174525003053,-1.342403651095288
254,KOEP990101,sec_struct,-1.4099722742502303,9.7201656531871,94.4816203253982,0.6441603317700294,6.630402442324682,-1.3348650798135515
543,WILM950103,hydrophobic,-1.419014902231655,9.889549654726139,97.80319237329388,0.6429552221992909,5.1212923352243305,-1.352693611145018
205,ISOY800106,sec_struct,-1.4275502776572684,9.35906317154492,87.59206344896845,0.64182389720736,7.006862577998182,-1.388295630219897
9,AURR980106,sec_struct,-1.4308750885430341,9.435459999109455,89.02790539479459,0.6413848221473606,7.132974568538217,-1.3713586831560565
114,DAYM780101,composition,-1.4406120031893144,9.741689654685144,94.90051732819956,0.6401041289253484,6.700087557248029,-1.3870078472177485
262,KUMS000102,composition,-1.4465544921651299,10.461489017125269,109.44275245543263,0.6393262749390167,6.440448308938017,-1.4443367462969712
308,MUNV940101,sec_struct,-1.4544847955739053,9.08918448971327,82.61327468804427,0.6382926255884424,6.3971856057892245,-1.4337085871782045
468,RICJ880104,sec_struct,-1.4565594936197228,10.408239053076239,108.33144018598136,0.6380230322429781,5.726217857954727,-1.34087645357085
386,PONP800106,hydrophobic,-1.5105952870662884,10.191237218667386,103.86131604715136,0.6311195674319183,6.474141328490783,-1.423607966462995
159,FUKS010110,composition,-1.5324589342807164,9.502592459127554,90.29926344426784,0.6283893184465693,6.098665028426239,-1.4829589239789573
476,RICJ880112,sec_struct,-1.5889508187299644,9.233212103718813,85.2522057522596,0.6214956593707739,6.606922401509626,-1.5197914835020532
59,CEDJ970104,composition,-1.603435858661908,9.21647800261148,84.94346677262128,0.6197643038082504,6.048487887807804,-1.5970958118279945
238,KARS160111,meta,-1.6100137028480326,9.147116272715573,83.66973610657803,0.6189828357210924,6.806353983269827,-1.3909786488167017
140,FAUJ880110,geometry,-1.6120245226412413,9.94185574930362,98.84049573996145,0.6187445334837876,6.957401763189806,-1.6036075422904523
109,COWR900101,hydrophobic,-1.6225856059910582,9.769987153600505,95.4526489815189,0.6174974427247187,6.778522063737683,-1.5778726527540625
72,CHOC750101,geometry,-1.633901632305459,10.429927216232757,108.7833817359128,0.616169538407322,6.238643740086149,-1.6158477813125596
31,AVBF000108,polar,-1.6691816119140874,9.445095385292554,89.2098268372747,0.6120838741974637,5.399402987937253,-1.4988179404453446
505,SNEP660102,meta,-1.6756115761529147,9.941803350378045,98.83945385758811,0.611347959307252,6.360325738025805,-1.6547041292059794
138,FAUJ880108,polar,-1.7118238229586242,10.08850743092317,101.77798218379202,0.6072524339441251,6.659836459170245,-1.7115517296159437
504,SNEP660101,meta,-1.7179103095275763,9.352616189485833,87.4714295878325,0.6065721125011646,5.784308179346409,-1.63979913150188
243,KARS160116,meta,-1.7255423007274273,8.799374908109412,77.42899877346552,0.6057222635891526,5.354604428436528,-1.7032092911689478
373,PALJ810114,sec_struct,-1.7650670505708996,9.98087249649983,99.61781579138675,0.6013774877402803,6.972274723438281,-1.704661133161577
405,QIAN880105,sec_struct,-1.8049692752088595,9.617753185600739,92.50117633913315,0.5970847041429429,6.059021844119598,-1.6261078793864607
474,RICJ880110,sec_struct,-1.8163651068307023,10.839406650051084,117.49273652517167,0.5958754905866499,6.621841418755427,-1.6424620110135373
0,ANDN920101,observable,-1.821399502059962,9.559370491894022,91.38156420129415,0.5953436247282194,6.6040974524708895,-1.806043571130591
293,MEEJ800102,hydrophobic,-1.8345130472237385,10.14685747946405,102.95871670855551,0.5939648841917051,6.121656980069746,-1.5861249439834366
171,GEIM800109,sec_struct,-1.8522406710067472,10.208865512004925,104.22093504220359,0.5921161625222376,7.387885223479323,-1.7358328568442132
326,NAKH900104,composition,-1.9440596224137785,11.559113343498616,133.61310128784774,0.5828096035979868,6.586543091772849,-1.9416669030962752
81,CHOP780204,sec_struct,-1.9552739292352346,10.340410206470608,106.92408323808151,0.5817027657924057,6.523827308321409,-1.9491923692655573
519,TANS770107,sec_struct,-2.070308399714514,10.515375327909034,110.573118286798,0.5707014810803179,6.202795590276416,-2.0036916605632893
125,FASG760102,observable,-2.072214959450947,10.398532419109525,108.1294764712718,0.57052437021045,6.374002503939038,-2.04415900173919
227,KARP850103,flexibility,-2.079168338529686,9.819032412556481,96.41339751883477,0.5698798269561285,6.959648502629952,-2.067652026446984
411,QIAN880111,sec_struct,-2.158983007256458,9.487445795138596,90.01162771569301,0.5626344949636289,6.163413923917937,-2.113340191912285
118,DIGM050101,composition,-2.185887738112686,10.467054031131498,109.55922009062614,0.5602537418472899,7.152633069880288,-2.185852755544904
301,MIYS990101,hydrophobic,-2.1921253122544098,10.550206289744468,111.30685275616372,0.5597060921235145,7.264878580365234,-2.1718178557838814
245,KARS160118,meta,-2.2005923975033768,11.057753375227458,122.27390970735425,0.5589652577656405,6.308339906100063,-2.180691608077858
103,CORJ870104,hydrophobic,-2.2250637541635916,10.368055550646115,107.4965759012837,0.5568405424009317,7.046492997262291,-2.0738842933140647
200,ISOY800101,sec_struct,-2.252979189183021,11.11310321421848,123.5010630498731,0.5544461313713511,8.029666258610956,-2.227708504581242
51,BUNA790102,observable,-2.275956707753756,10.850287590061082,117.72874078703353,0.5524982707463086,7.264397293637133,-2.262018976655154
550,WOLS870102,meta,-2.3256867478044057,11.547636773121715,133.3479150439529,0.5483518715430086,6.332949116050135,-2.324761704525528
391,PRAM820102,hydrophobic,-2.372015890526991,10.176206179196937,103.5551722015259,0.5445718571234535,7.319285190932146,-2.364886749987699
446,RACS820104,geometry,-2.3781581198237847,11.09548769349765,123.1098471565578,0.5440765565908674,6.190610231710553,-2.3595702403913386
142,FAUJ880112,polar,-2.421480754672616,10.736918383411652,115.28141637204307,0.5406210469696078,7.483248397095728,-2.416876872079359
424,QIAN880124,sec_struct,-2.430492026366005,9.871851481865658,97.4534516800132,0.5399105240238168,5.724662035535913,-2.4304894474256242
26,AVBF000103,polar,-2.4426713444152854,11.62293760773381,135.09267863327295,0.5389546430409281,7.413368673141623,-2.435849350501098
354,OOBM770105,geometry,-2.6490998132484918,12.260582909595351,150.32189328306163,0.5234884796384918,7.033381964110643,-2.6464896539260603
175,GEOR030102,sec_struct,-2.660984562559551,12.33278151759509,152.09749996073504,0.5226380817835031,7.209821876001106,-2.3542466050102333
108,COSI940101,polar,-2.681377659247205,11.734070042334244,137.68839975840598,0.5211884871873504,5.928960372544549,-2.6294717102090157
320,NAGK730101,sec_struct,-2.7011094314977986,11.82704126326122,139.87890504288356,0.5197973210859618,8.02180762654817,-2.4038432243802212
214,JOND750101,hydrophobic,-2.7031389312619196,10.698402276993768,114.45581128038543,0.5196548644920096,6.1882571790550225,-2.656244979603043
558,ZHOH040101,observable,-2.7299318638418075,10.573300133290623,111.79467570864348,0.5177851023075536,6.5410015727747055,-2.719735702484824
540,WERD780104,hydrophobic,-2.7472255752582386,12.463928503307914,155.34951373557146,0.5165889131281761,7.589582891968518,-2.7440015684012424
252,KIMC930101,sec_struct,-2.7977884443595604,11.186242987447073,125.13203217420885,0.5131385180882562,7.226629599092807,-2.7712957834560936
224,KANM800104,sec_struct,-2.801883358982775,10.80687267743567,116.78849706630561,0.5128620992280113,6.131095053931311,-2.737907842671136
157,FUKS010108,composition,-2.819681888224469,13.134187047773723,172.50686940590703,0.5116658151110071,8.067923625502981,-2.743200237446192
6,AURR980103,sec_struct,-2.8456804832636218,11.117350788651024,123.59548855791955,0.5099333321819245,7.7716753441096715,-2.689981063110989
402,QIAN880102,sec_struct,-2.861709056952125,10.798961272413344,116.6175645630832,0.5088739562889021,7.689360977846823,-2.758963597855537
351,OOBM770102,geometry,-2.9560079910033137,10.152355921044,103.07033074755718,0.5027723896980257,7.5593623352968535,-2.8062676221963914
221,KANM800101,sec_struct,-2.9573013271560162,11.873728046166235,140.98541771431465,0.5026902242533795,7.936754924045452,-2.8087096334019446
498,ROSM880101,hydrophobic,-3.0208718605656077,13.854298721478438,191.94159306395906,0.4987005917095728,7.795461802638867,-2.958667661393668
277,LEVM780104,sec_struct,-3.033034211490776,9.518666219924375,90.60500660632938,0.49794806259605856,6.386925900343528,-2.9656649363308603
380,PONJ960101,geometry,-3.0642524625264844,12.34420400384278,152.37937248848812,0.4960319619015522,6.5260177461437605,-3.0196591242591717
201,ISOY800102,sec_struct,-3.0683537741045654,11.084608340519734,122.86854206271965,0.4957818736944324,8.019864532156884,-2.712178369295627
124,FASG760101,geometry,-3.108374650470452,11.314760225568968,128.02379896211752,0.4933611861567992,6.392219770256801,-3.106729426257333
183,GOLD730101,hydrophobic,-3.1319227984217015,11.981063437612265,143.54588109608943,0.4919533256144242,8.715743854754134,-3.011795345616945
401,QIAN880101,sec_struct,-3.1655263597122207,10.35373355960893,107.19979862337222,0.48996499840380775,6.728365090842159,-3.0758562840633656
190,GUYH850102,hydrophobic,-3.17852879478258,11.185727675698802,125.12050363489413,0.48920208613076716,6.903112951550116,-3.1340441260413145
338,NAKH920103,composition,-3.2014019567651033,12.027812935687816,144.66828401589916,0.4878686181835471,8.120710915695428,-3.114011801936984
503,SIMZ760101,hydrophobic,-3.2320292215194337,12.23778056133519,149.76327306739344,0.48610005600684075,7.982316133262394,-3.2217659681774844
101,CORJ870102,hydrophobic,-3.245906264182546,12.415210905885594,154.1374618376206,0.4853050370442987,7.196002659793373,-3.2450975788490464
86,CHOP780209,sec_struct,-3.246072310417725,13.23929465987637,175.27892309103098,0.48529554782034584,8.722691224069745,-3.127182027489443
11,AURR980108,sec_struct,-3.255260209966096,12.066998773895412,145.61245940919335,0.4847713429542897,8.08771899333859,-3.229339876200166
342,NAKH920107,composition,-3.2592181229350556,12.386489966885435,153.42513369975353,0.4845460517535372,6.487338133423648,-3.0065319774462678
273,LEVM760107,geometry,-3.2623687833858996,12.905490043950815,166.5516732745136,0.4843669351191632,8.092798661100694,-3.2606079426396493
548,WOLR810101,hydrophobic,-3.2681534230268,12.234735162596223,149.68874449886843,0.4840385919351996,7.997733216881814,-3.1700955617724915
210,JANJ780102,hydrophobic,-3.277834002036296,10.518408130465893,110.63690959905102,0.48349060108664343,6.908488365993147,-3.232364417780044
557,ZASB820101,hydrophobic,-3.2824774908621794,11.007274181375145,121.16008490396788,0.4832284056490426,7.265174873136647,-3.268617117986464
84,CHOP780207,sec_struct,-3.2900993940564263,11.320178660154061,128.14644489780738,0.48279895668680667,7.238842966161295,-3.039810444928955
13,AURR980110,sec_struct,-3.3430321872630993,11.436092281659514,130.7842066746323,0.47984776462751505,7.279216345116805,-3.1031950194004736
444,RACS820102,geometry,-3.3538008017732226,12.406904126579377,153.93127000613237,0.4792539737114443,7.111631720438507,-3.3274646333077813
322,NAGK730103,sec_struct,-3.367102576331866,11.151655042026865,124.3594101763632,0.4785235363144674,7.019588959146485,-2.968578916073595
493,ROBB760112,sec_struct,-3.3858684870235862,13.141161031569876,172.69011325765067,0.4774987043760114,7.179809111135985,-3.2757332926912666
148,FINA910104,sec_struct,-3.4462189741202254,13.44631302608983,180.80333399559305,0.4742469823724977,8.78769671293525,-3.2688551578524914
271,LEVM760105,geometry,-3.450470739147602,12.767928513474347,163.01999852519126,0.47402039189791245,6.836352763427748,-3.4501421361380498
394,PRAM900102,sec_struct,-3.508663919244502,11.096399722906938,123.13008681052918,0.4709513738354062,7.684797231031923,-3.3964880379725324
433,QIAN880133,sec_struct,-3.511004756938406,12.45163513105248,155.04321743686032,0.47082916560900767,7.533455864077388,-3.4548384008671444
372,PALJ810113,sec_struct,-3.5147635014627436,10.574637632643789,111.82296106172625,0.4706331315260164,5.672355544333805,-3.484418610831117
501,ROSM880104,hydrophobic,-3.5884388766640614,12.843890931832387,164.96553426880624,0.46683942407664153,7.695530332324931,-3.5440893039333883
525,VASM830101,meta,-3.6919070172155335,12.259158879483047,150.28697643240804,0.461663246829368,7.096253142274448,-3.667671400634248
24,AVBF000101,polar,-3.7081316860703257,12.628352941673093,159.47529801946345,0.4608670926385908,8.018193466500868,-3.224757102990738
29,AVBF000106,polar,-3.7505571582508432,13.755565707911485,189.21558794467038,0.4588045604515666,9.035930928417125,-3.6335570845770313
378,PARS000102,composition,-3.823293357960549,12.583090925010897,158.33417722709157,0.4553319880557823,8.239824270483421,-3.7588167876715985
450,RACS820108,geometry,-3.9380873294488676,11.648283213133482,135.68250181336725,0.4500083962869722,6.739755219616048,-3.9293683627984066
170,GEIM800108,sec_struct,-3.9430386271366613,12.316234223559285,151.689625449573,0.449782959673802,8.023825846516475,-3.8864959222662314
464,RADA880108,polar,-3.9553174472789783,12.39910613465435,153.73783293842314,0.4492253536658134,7.167271750976568,-3.865295563572661
40,BHAR880101,flexibility,-3.9769088639885917,13.035865154909255,169.9337803369773,0.44824985313537413,7.853746097358409,-3.966467950319837
383,PONP800103,hydrophobic,-3.9829037763028996,14.675475477325847,215.3695804855923,0.44798012814997823,8.52378817769382,-3.966862338714325
295,MEEJ810102,hydrophobic,-4.008732153435846,14.215927293914161,202.0925888258536,0.44682359248715,8.7617071407179,-4.006756307703839
532,VINM940102,flexibility,-4.042407805284095,12.496978888384906,156.174481336738,0.4453290403320922,8.568496580478643,-4.008085372943742
261,KUMS000101,composition,-4.056395875468404,12.38843546515933,153.47333327441743,0.44471263210463824,6.855608980257076,-4.040039626892435
67,CHAM830104,geometry,-4.08677469781606,13.070214928333126,170.8305182728221,0.4433827051953796,8.676238081013333,-4.045179715571198
469,RICJ880105,sec_struct,-4.097722782710531,14.567650431886722,212.2164391056494,0.4429063355717879,7.0978512632716155,-4.080684918421319
168,GEIM800106,sec_struct,-4.163379596774477,14.965486634121158,223.965790196059,0.44008135877424487,8.44119809419808,-4.140624618003612
181,GEOR030108,sec_struct,-4.175649499181254,14.319319411069648,205.042908396236,0.43955939921916193,9.050395032479603,-4.17393757933004
237,KARS160110,meta,-4.199426738647466,13.22800399173055,174.98008960523936,0.43855318393434745,8.437439394154541,-4.193423741393322
309,MUNV940102,sec_struct,-4.206719414953521,14.107433697584511,199.019685531743,0.43824595141184497,8.578282652774645,-4.205625780687385
292,MEEJ800101,hydrophobic,-4.212588778849873,14.705926611179176,216.26427749338788,0.437999149912436,7.980682410159795,-4.202139364426988
274,LEVM780101,sec_struct,-4.252533001651292,14.380773315779145,206.8066411598255,0.436330533549818,9.457588615520265,-4.211208364905093
336,NAKH920101,composition,-4.27449972016403,13.197541317571325,174.17509682900229,0.43542099228909753,8.851227595231292,-4.177930134997615
414,QIAN880114,sec_struct,-4.305236690497647,13.160688453220013,173.20372056271856,0.43415780986150027,6.016009408906303,-4.299368926278023
113,DAWD720101,geometry,-4.313098859054261,12.739334282630804,162.2906379646125,0.43383646391278335,8.130068662030398,-4.309420565006893
517,TANS770105,sec_struct,-4.337520350775638,15.017744091060308,225.5326375845768,0.4328428301808188,9.271184037709874,-4.233268521910339
225,KARP850101,flexibility,-4.408247193931081,14.336192262546119,205.52640858868722,0.43000324521279787,7.478160768864348,-4.398005794704772
54,BURA740102,sec_struct,-4.4193153512717425,12.384012642255309,153.3637691235393,0.42956391147629375,7.274639714387103,-4.101207396245865
233,KARS160106,meta,-4.423290515560306,14.06994623023886,197.9633869218127,0.42940645170742725,6.682803066664536,-4.404990628935919
541,WILM950101,hydrophobic,-4.474557324244771,15.445310812080978,238.55762608178557,0.42739112166493703,7.134125488783814,-4.463280919547087
15,AURR980112,sec_struct,-4.535308762342771,13.420315842545902,180.10487731368852,0.42503928709228006,7.935123719811242,-4.53481374768826
115,DAYM780201,composition,-4.584947805732261,13.589914420015152,184.68577394333576,0.42314619562184574,7.806848697444768,-4.193565302823623
381,PONP800101,hydrophobic,-4.626686261659839,15.443957120133645,238.51581152852668,0.42157383641996427,7.204667848188485,-4.494737576334941
357,OOBM850103,sec_struct,-4.665739882775048,13.793043247991267,190.24804204095747,0.4201183818145851,8.210843852407981,-4.443538194837366
78,CHOP780201,sec_struct,-4.671983194330387,12.881253433977523,165.92669003035775,0.4198871000883682,8.232180299852335,-4.6719795942011935
507,SNEP660104,meta,-4.7029665063701565,14.681817671605666,215.55577014227242,0.4187449567127654,8.619651947242023,-4.700859205391159
457,RADA880101,hydrophobic,-4.707985421647242,12.04571901459203,145.099346578504,0.41856081927267996,8.16810337904603,-4.478591544398985
412,QIAN880112,sec_struct,-4.708057036779875,14.334284919077069,205.47172414128028,0.41855819356463125,7.18059340095683,-4.704383179180018
268,LEVM760102,geometry,-4.718659373591009,14.124933436299527,199.51374457989235,0.4181700122250444,9.517804315208778,-4.705456276673294
192,GUYH850104,hydrophobic,-4.743958044282103,12.860366283746924,165.38902095213464,0.41724810264955886,8.119621230071543,-4.6930003206549324
121,EISD860102,hydrophobic,-4.775363377389793,14.495390817712416,210.1163549582214,0.41611209808914174,8.57368795534211,-4.7696178136471294
266,LAWE840101,hydrophobic,-4.78284633207667,11.517373379129904,132.64988955429018,0.41584278815602355,7.187939150286396,-4.444747656711997
539,WERD780103,hydrophobic,-4.808601738840712,12.563195216339004,157.83387404384325,0.414919838079342,7.237734412287997,-4.797426126321071
91,CHOP780214,sec_struct,-4.8254846631037545,14.510433348374148,210.5526759576086,0.4143181591339643,9.189694952713639,-4.650790089600569
459,RADA880103,hydrophobic,-4.836566762347379,13.822781571907417,191.06929038466325,0.4139246318485516,8.183220165566924,-4.8255063324623295
263,KUMS000103,composition,-4.8468229931535145,15.60244048532187,243.43614909801093,0.4135614286242431,8.990233477618599,-4.691062784603824
191,GUYH850103,hydrophobic,-4.848074065808812,13.088963444601347,171.3209640541104,0.41351718986604297,7.933296370267459,-4.730726720898925
21,AURR980118,sec_struct,-4.884164500933278,13.563446977089354,183.96709390031435,0.4122470885783137,8.502548696565409,-4.88382236024634
413,QIAN880113,sec_struct,-4.919607452199771,14.911486370465584,222.35242577658087,0.41101109530528585,7.179157038970344,-4.867981969281518
291,MCMT640101,observable,-5.01135593098667,14.220368809160005,202.21888906853073,0.40786250138418206,7.69825754462605,-4.480037116033572
33,BAEK050101,flexibility,-5.0365350759150145,13.30479928746938,177.01768407984576,0.4070109896912794,6.506727382080344,-4.865038454054682
53,BURA740101,sec_struct,-5.057416437628531,15.049853113580049,226.49807874033507,0.4063088519970203,9.122828020058522,-4.917240672739714
244,KARS160117,meta,-5.062303387493207,14.605955817546949,213.33394534413355,0.4061450519375071,8.283636592476151,-4.788342585597359
339,NAKH920104,composition,-5.0786240664102404,16.181239170000723,261.83250107676565,0.40559944998848013,9.644366619556232,-5.010804385963377
368,PALJ810109,sec_struct,-5.0948276904509635,14.997016745590754,224.9105112675295,0.40505993063483864,9.120178305969738,-5.0664951093259285
456,RACS820114,geometry,-5.124694458026932,13.540751113476757,183.35194071712203,0.4040710963694373,7.387530380764973,-4.658953051931301
95,CIDH920102,hydrophobic,-5.172596272602093,14.356035663770268,206.0957599794438,0.40250016605384387,7.92928650756795,-5.15436948540285
500,ROSM880103,hydrophobic,-5.240408943677769,14.632744311493315,214.11720608553998,0.40030726748994644,8.364672450732852,-5.236636575026881
533,VINM940103,flexibility,-5.324894347841646,14.821177278766335,219.66729592861944,0.39762470719902615,9.203988067192572,-5.307948723521376
57,CEDJ970102,composition,-5.384015686408597,13.43048472939247,180.37792006644432,0.3957792555452615,7.997126111206232,-5.284967946088764
483,ROBB760102,sec_struct,-5.405341752128839,13.81838871304546,190.94786662482215,0.39511984876574846,9.932253100449087,-5.322857314748603
272,LEVM760106,geometry,-5.443752733339999,12.655676124202593,160.16613816071154,0.3939404408430304,8.539968717184198,-5.42652045605302
337,NAKH920102,composition,-5.444590273706042,15.454060336296521,238.82798087789337,0.3939148417182213,8.08727309115465,-5.2001237972811865
242,KARS160115,meta,-5.4967751132362075,14.408646223467853,207.60908599305444,0.3923296068552439,8.447497820520436,-5.495469337459689
472,RICJ880108,sec_struct,-5.54889177308579,15.344502545783364,235.45375837755213,0.39076539174591357,7.815152082654549,-5.4393801561896575
258,KRIW790102,polar,-5.5588662204866415,13.072026180112072,170.87786845353543,0.39046814892257736,9.509700063577908,-5.258535792275728
303,MIYS990103,hydrophobic,-5.56025890470118,13.895626445410596,193.08843431039432,0.390426700277093,6.954555644598605,-5.264582203838227
223,KANM800103,sec_struct,-5.568344611126935,17.201780014339825,295.901235661741,0.39018631643595575,9.273618778362485,-5.547961272422462
518,TANS770106,sec_struct,-5.568557425004728,15.285278186942499,233.63972925222018,0.3901799955857084,9.108551384563496,-5.527464373398966
151,FUKS010102,composition,-5.5894946022163445,15.767919483616017,248.62728484179763,0.3895596318320834,10.307417522125453,-5.589113644729694
156,FUKS010107,composition,-5.606842954737915,14.652140935964905,214.6852340073785,0.3890478397280087,9.350582611722926,-5.4439294387092305
144,FINA770101,sec_struct,-5.608560825697853,15.386096474055877,236.73196470895468,0.38899727066751977,8.836456148903185,-5.228665571816663
37,BEGF750101,sec_struct,-5.624489950114983,12.404084564716587,153.8613138886403,0.38852930140629083,7.890075917236076,-5.5682107326987325
160,FUKS010111,composition,-5.6421171073207415,15.786370417197402,249.20949094896528,0.3880134104011495,8.892137726120465,-5.625352593960455
290,MAXF760106,sec_struct,-5.65396382664904,15.818034548221497,250.2102169687289,0.38766784692221395,9.282733608599903,-5.65395488059643
429,QIAN880129,sec_struct,-5.675536459668063,15.340870083775448,235.3422949272765,0.3870409472224007,8.355478495853378,-5.177317419841491
398,PTIO830102,sec_struct,-5.678810744029615,16.35816130562327,267.5894413007904,0.38694606225495864,9.10479473528174,-5.674532044115821
441,RACS770102,geometry,-5.682375473924962,15.194324096082553,230.8674847367949,0.38684283981512485,10.804603526607497,-5.019671599994664
137,FAUJ880107,observable,-5.68538582480463,13.929163872105606,194.02160617597207,0.386755734610053,9.364720096244193,-5.628841597704401
22,AURR980119,sec_struct,-5.733837973795857,17.60677494233705,309.9985238701079,0.3853618061453779,10.146571432559284,-5.730641856530704
209,JANJ780101,hydrophobic,-5.7370180162121285,16.099097047652176,259.180925749723,0.38527084516433524,10.253196787036698,-5.629112426847586
269,LEVM760103,geometry,-5.816355177070192,13.587386991526515,184.61708525750393,0.3830221537669921,8.234545506091496,-5.710496215044127
169,GEIM800107,sec_struct,-5.854523212485234,15.309038699377481,234.36666589903737,0.3819542741670508,8.160404490041824,-5.622912917065412
528,VELV850101,polar,-5.8556360024405505,15.793430397963961,249.43244373533207,0.38192327397038156,8.936874673931804,-5.845985767630478
461,RADA880105,hydrophobic,-5.866721598329316,13.723733117567505,188.3408506822191,0.3816148620761168,8.217573456203604,-5.63365783023295
14,AURR980111,sec_struct,-5.880718812766238,13.433161468507896,180.44982703900519,0.38122651134561214,7.267025629153916,-5.6432790121205665
445,RACS820103,geometry,-5.882592897390218,15.183706969470013,230.54495733473226,0.3811746050803792,8.682805444582975,-5.859163819583514
324,NAKH900102,composition,-5.9329989898241795,14.767315121847142,218.07359590793527,0.37978641991516465,9.428859599765348,-5.928890066463277
466,RICJ880102,sec_struct,-5.949026218601324,14.58265776125359,212.65390738184956,0.37934819753556664,9.384688874533595,-5.945039328101882
427,QIAN880127,sec_struct,-5.99539812678556,16.04663838002236,257.49460329920663,0.37808877319865153,8.614948833052896,-5.911057798240194
85,CHOP780208,sec_struct,-5.996462696460424,15.168376960365604,230.0796596117501,0.3780600074371534,8.385648266825726,-5.992470590419192
5,AURR980102,sec_struct,-5.996837212612287,13.676704116198168,187.05223548203193,0.3780498891887502,5.374052478840539,-5.968578978068732
147,FINA910103,sec_struct,-6.141907943886625,16.890037919435088,285.2733809199552,0.3741906021968433,8.954772746843707,-5.642050330175388
492,ROBB760111,sec_struct,-6.163136028416389,16.714346959793165,279.36939429234707,0.3736357304546271,10.328384729075688,-6.146018106005992
491,ROBB760110,sec_struct,-6.1690758037461295,14.484413815528765,209.79824357948056,0.37348091467114314,8.695522616603945,-5.942081395078438
163,GEIM800101,sec_struct,-6.184563125243952,16.123701869473866,259.9737619756751,0.373078152566223,7.259350137770914,-5.871622135485583
553,YUTK870101,observable,-6.215593685760175,17.358423591912224,301.3148695962549,0.3722750795258549,9.968796255896235,-6.209261512272593
314,NADH010102,hydrophobic,-6.230731612388611,15.567717864273659,242.35383950162523,0.371885186374314,9.578260745424728,-6.1793202633450655
218,JUKT750101,composition,-6.271227434528255,15.232484008114124,232.02856905745253,0.3708481659183657,8.458833598357591,-5.738621925665169
83,CHOP780206,sec_struct,-6.2799059138022,15.895450463027254,252.66534542255337,0.3706270533170146,9.304917567198508,-6.218721396778525
403,QIAN880103,sec_struct,-6.2988582726345825,15.989526198031626,255.66494803753972,0.3701455517995521,9.997569789499865,-6.1591799814715245
362,PALJ810103,sec_struct,-6.354635671747362,18.20790948080622,331.52796766123294,0.3687392925040147,8.88633041600856,-6.244294788053839
359,OOBM850105,sec_struct,-6.373306140650142,16.264264371139276,264.52629553431046,0.3682721411953827,8.65201105812113,-6.158307593743119
202,ISOY800103,sec_struct,-6.400962587964416,15.409780884593308,237.46134691117732,0.36758340429993774,8.870876825933049,-6.059741752319085
371,PALJ810112,sec_struct,-6.444927513662119,16.058990501029218,257.8911759121466,0.36649644230399686,9.797030179064597,-6.443013529747867
185,GRAR740101,composition,-6.524912412153179,14.175518521265207,200.94532534673294,0.3645434298608032,8.311966092905688,-6.457414586149696
437,QIAN880137,sec_struct,-6.611755880366044,16.66314108136029,277.66027069731695,0.3624579036559961,9.68412487861596,-6.611729233279168
279,LEVM780106,sec_struct,-6.617715765121189,17.368105146514257,301.651076380375,0.36231608752058214,9.176016241576109,-6.46703152183107
535,WARP780101,geometry,-6.6205547777871,16.00977081578929,256.31276157409854,0.3622485913991299,10.943249228470666,-6.1207716145024635
328,NAKH900106,composition,-6.621564513843508,17.305416861980248,299.4774527669103,0.36222459451639566,10.387531204056623,-6.586894775560927
335,NAKH900113,composition,-6.656492997406778,16.03175298435657,257.0171037514258,0.3613974261129207,8.224968308413954,-6.625261164352588
545,WIMW960101,hydrophobic,-6.715888849446968,16.58994175054843,275.2261672865899,0.3600037449785372,8.190065893897529,-6.3671689143266885
443,RACS820101,geometry,-6.7246787239845895,16.275635495668308,264.8963107878581,0.35979886341889983,10.195867716526998,-6.509626811079466
82,CHOP780205,sec_struct,-6.746224546951435,17.954184764934933,322.3527505734217,0.3592981316971009,10.414204022549848,-6.6983001616833535
28,AVBF000105,polar,-6.826996901574235,15.268751725164162,233.13477924470357,0.3574393972215121,9.39470603047164,-6.162640005176454
12,AURR980109,sec_struct,-6.877204580532157,16.16015000007584,261.1504480249512,0.3562984537455363,9.527440611311373,-6.873175933737669
206,ISOY800107,sec_struct,-6.901835210755622,17.421665054430605,303.5144132687685,0.355742715447842,10.23158348130257,-6.87438532085091
515,TANS770103,sec_struct,-6.928673678053566,17.548890928790126,307.9635728305724,0.3551401126074358,8.114074951194732,-6.9178675174967035
387,PONP800107,hydrophobic,-6.934809627792139,17.747060556454745,314.95815839447175,0.3550027719891724,8.464690327699426,-6.852726820589853
421,QIAN880121,sec_struct,-6.940571518189256,16.5623961222164,274.3129653092088,0.3548739488775196,8.053973052552003,-6.933698232977685
110,CRAJ730101,sec_struct,-6.999357684164521,17.149503895195668,294.1054838513314,0.35356758475685257,8.6781209520399,-6.95095823481009
280,LEWP710101,sec_struct,-7.016933015790444,16.251154878059904,264.10003487069025,0.35317981321014946,9.959670866480574,-6.988410928630537
145,FINA910101,sec_struct,-7.027826495221873,18.387046194729948,338.0834677671331,0.3529401055444708,11.516595934713715,-6.201300688671016
231,KARS160104,meta,-7.041238557319829,16.79791852520134,282.1700667793024,0.3526456465470218,7.825855178213439,-6.918852726127344
312,MUNV940105,sec_struct,-7.0889131575564885,16.575923212472457,274.76123034578325,0.3516048957534356,10.324300726079516,-6.85118911870364
399,PUNT030101,composition,-7.103885267580768,15.375081517761068,236.39313167779798,0.35127994662582307,8.64503532362211,-7.086248525233266
176,GEOR030103,sec_struct,-7.12577286976339,15.607211177858494,243.5850407502711,0.35080652333466344,9.87863252320939,-6.588376104900857
375,PALJ810116,sec_struct,-7.15727984542853,16.664207695142778,277.6958181068558,0.35012838391808104,12.23087445033843,-7.133428831093326
393,PRAM900101,hydrophobic,-7.210452082473326,16.286414329776022,265.24729172113376,0.3489927978929599,9.10256780094661,-7.180463060098006
4,AURR980101,sec_struct,-7.236002592712943,15.987389237494577,255.59661463115742,0.348451038073694,9.503127610446622,-7.19153480750602
60,CEDJ970105,composition,-7.247464788503917,17.67942649165911,312.562121073978,0.34820881802220494,10.75471333373246,-7.14362899424888
251,KIDA850101,hydrophobic,-7.420040875815971,16.175944431988103,261.6611782667669,0.3446219218962946,7.851517717394115,-7.372283776039437
235,KARS160108,meta,-7.52697024482185,16.63741587418914,276.8036069707208,0.3424543019605344,8.403725824330664,-7.481678964077533
418,QIAN880118,sec_struct,-7.541901576377141,17.52095604332127,306.9839006719961,0.34215486423234576,10.580700782505955,-7.345389906434203
107,CORJ870108,hydrophobic,-7.550333403413676,15.32448442309822,234.83982283377998,0.3419861162958063,8.117965680081937,-7.208354562696778
16,AURR980113,sec_struct,-7.552393214684802,16.737080976587297,280.1298796168404,0.3419449307902425,9.468585958008832,-7.539326504754817
97,CIDH920104,hydrophobic,-7.601492115091245,17.874250012136347,319.48881349635616,0.3409675917803866,9.486230384427232,-7.024474707155825
276,LEVM780103,sec_struct,-7.699317267807766,18.07006581949043,326.5272787207163,0.3390450553457711,9.824419946797335,-7.6600763087903445
179,GEOR030106,sec_struct,-7.706723636861433,16.889646608929628,285.26016257452807,0.3389008204330416,9.850074630460913,-7.7033147718988495
177,GEOR030104,sec_struct,-7.759977920294336,19.37724765601982,375.4777267227255,0.33786911500198685,8.560679551617909,-7.555493873053772
123,ENGD860101,hydrophobic,-7.827555938174674,16.58918384056115,275.2010204959352,0.3365733774810352,9.052634269851103,-7.701149673992353
552,YANJ020101,geometry,-7.867925922214324,19.44120718605601,377.96053685115584,0.3358064021450397,10.938917699108236,-7.819154572451044
332,NAKH900110,composition,-7.940151042987303,18.649386814340033,347.79962855087996,0.33444720578292686,11.684581972476488,-7.925020046670271
126,FASG760103,observable,-7.956070408412996,15.47505579473572,239.47735185018357,0.3341498345545339,8.431749050790373,-7.955913175870434
329,NAKH900107,composition,-7.991032083482839,17.17170098653683,294.86731477102995,0.3334995300749561,8.617312518826417,-7.159473309627408
90,CHOP780213,sec_struct,-7.9960972522632865,19.462126854530734,378.7743817018463,0.33340562995337447,11.92647864668714,-7.981886471448696
416,QIAN880116,sec_struct,-8.044821561082099,15.849510742780595,251.20699078551746,0.332506391879625,10.752064726869106,-7.54644478225466
353,OOBM770104,geometry,-8.059057282179388,18.079396831482512,326.8645897902199,0.3322450330451725,10.240824357662405,-7.885373398244216
564,ZIMJ680104,polar,-8.063039378935843,18.689322184264746,349.29076370725045,0.3321720345083296,9.70269154682778,-7.888251643344923
249,KARS160122,meta,-8.087174088544629,15.39177918130048,236.90686636591485,0.33173063184459567,9.692245297009677,-8.067404996507399
563,ZIMJ680103,polar,-8.140331169485217,18.149077959805382,329.38903079109355,0.33076460858749734,10.571190856272352,-7.949193655102867
488,ROBB760107,sec_struct,-8.173804881817556,15.463777093440793,239.12840199562416,0.3301606041490849,8.854310645975296,-8.172265825786784
355,OOBM850101,sec_struct,-8.199421928835791,18.647213317892156,347.7185645229746,0.3297005950348928,9.564208157784698,-8.188736295608894
122,EISD860103,hydrophobic,-8.20248735467198,18.13143542653655,328.74895062666474,0.32964567744233414,10.489754436484594,-7.606978008682836
204,ISOY800105,sec_struct,-8.21152266014014,14.79108918918339,218.77631940237774,0.329483968014472,8.304000207649901,-7.941435303390945
344,NISK800101,geometry,-8.218472806706409,19.424434255008347,377.3086461271416,0.3293597395385943,10.724340358428453,-8.051892743943482
1,ARGP820101,hydrophobic,-8.222496950792802,19.144421063895663,366.508857871732,0.3292878752882152,9.36950123660835,-8.21951197530174
18,AURR980115,sec_struct,-8.235915828246267,17.92305234993599,321.235805538546,0.3290485768867804,10.28885220486733,-8.234742601212892
127,FASG760104,polar,-8.258017328100818,19.4940684625783,380.01870522368995,0.3286555762926649,10.40910854561691,-7.869290393378963
462,RADA880106,hydrophobic,-8.323217643355044,19.216611215174186,369.2781465951583,0.327504362000679,11.32007273567805,-8.323215273829575
516,TANS770104,sec_struct,-8.324687483992319,16.94713604895151,287.20542026167175,0.32747854890011663,8.613230458555696,-8.324063315253328
98,CIDH920105,hydrophobic,-8.391106457058598,16.91779453499069,286.21177192816083,0.3263184415181255,11.347629822464135,-8.277634551733874
66,CHAM830103,geometry,-8.414392397763235,21.66372883169535,469.3171468932284,0.32591462701422785,10.670646047350564,-8.323705304001932
430,QIAN880130,sec_struct,-8.48536600056834,16.95734416342986,287.5515210770087,0.3246930206162415,9.848971786471191,-8.364499550049333
133,FAUJ880103,geometry,-8.505952590544752,17.266508760019317,298.13232475982386,0.324341243930861,9.249232170580406,-8.500788169648079
212,JANJ790101,hydrophobic,-8.56743625152143,17.23705905489615,297.11620486197734,0.32329739958402387,10.229311399513042,-7.773565047789354
514,TANS770102,sec_struct,-8.58436909241155,14.970768286369864,224.12390308417767,0.3230116862828757,8.55731071415863,-8.511714350747685
426,QIAN880126,sec_struct,-8.586896283823611,17.522642444080983,307.0429982231083,0.3229691090952595,8.80146056133789,-8.402909445245994
73,CHOC760101,hydrophobic,-8.603850246564505,18.502316637716735,342.3357209623295,0.32268390968046917,13.470564407771334,-8.14385854903243
30,AVBF000107,polar,-8.63588594045488,16.51819279067,272.8506930697423,0.32214706183255953,8.707480772123274,-8.635355942675696
246,KARS160119,meta,-8.638038705399243,17.372191402583177,301.7930341279848,0.3221110822285748,10.400178368645308,-8.408969892078272
473,RICJ880109,sec_struct,-8.828829568487526,17.87898098135179,319.6579609315391,0.3189694560352381,10.46482400228255,-8.824371425430627
407,QIAN880107,sec_struct,-8.884958032648473,18.938943139702857,358.683567248898,0.3180625855924886,10.641510926666301,-8.553761235900508
186,GRAR740102,polar,-8.887329080421852,18.82484040277856,354.374616190084,0.31802444653609113,10.385822247899403,-8.885377290993848
250,KHAG800101,meta,-8.952366110106324,18.52129191735645,343.03825428793334,0.3169836253597377,9.692875982469294,-8.917558896649737
63,CHAM820102,hydrophobic,-9.013381435728736,18.529243438603995,343.33286240704916,0.31601639904638373,10.445399222455304,-9.009163710315526
458,RADA880102,hydrophobic,-9.013911423703089,17.832933611928404,318.0135212074459,0.3160080363247555,9.230509569656599,-8.848941184019637
318,NADH010106,hydrophobic,-9.051767378826725,18.65821410723532,348.12895367143506,0.3154124161661196,9.221007643087054,-9.024632100188233
422,QIAN880122,sec_struct,-9.057073580988467,19.25229748669332,370.65095851613785,0.31532919797911857,9.970042186053869,-8.97995582737691
470,RICJ880106,sec_struct,-9.139793097250811,18.29404502455222,334.6720833603438,0.3140403504625042,12.297915781131316,-8.924586397026744
537,WERD780101,hydrophobic,-9.141042047459372,16.367176073292256,267.8844526141506,0.31402101158014906,8.192168916103679,-8.800774728953439
356,OOBM850102,sec_struct,-9.159122947429056,16.60935181530592,275.87056772460613,0.3137414445808528,9.252454701728974,-8.962000422202589
347,OLSK800101,geometry,-9.171937863856124,17.425100275804695,303.6341196218488,0.3135437517934348,9.791427673566359,-8.880706195553913
448,RACS820106,geometry,-9.225305613871093,18.107105553541665,327.8672715270994,0.3127244601422531,9.944548037310225,-8.432918896902986
404,QIAN880104,sec_struct,-9.25396747396874,18.859674352586417,355.6873166856059,0.3122870910438736,9.59928245866846,-8.794959360127049
289,MAXF760105,sec_struct,-9.295054011707787,19.040948441815214,362.55771756386525,0.3116633146871285,10.92418445815851,-9.198514239877017
20,AURR980117,sec_struct,-9.388673389739527,16.72355934785324,279.6774372611694,0.3102558318683013,10.175006674415139,-9.110100533872213
385,PONP800105,hydrophobic,-9.389236768768255,18.512992678702492,342.7308979216921,0.3102474196045911,11.175835606370375,-9.288968971733267
485,ROBB760104,sec_struct,-9.678792176451978,16.972533716188057,288.0669007471403,0.30601233495795765,11.432588857062795,-9.6787460708953
153,FUKS010104,composition,-9.717415787305027,19.711367992535486,388.53802813715237,0.3054604309608103,10.399829574044631,-9.59442898443449
117,DESM900102,composition,-9.75317346069953,20.589337029117296,423.9207992985806,0.30495213219099054,9.137733373632656,-9.334505367971094
216,JOND920101,composition,-9.798807677398853,17.784581771140427,316.29134877438037,0.30430710797774396,11.032890479999951,-9.63310367361958
369,PALJ810110,sec_struct,-9.811547188045175,15.948041002524926,254.34001181821625,0.30412776887588844,9.386480771856014,-9.56597866712258
3,ARGP820103,composition,-9.81367536599503,18.61158061173443,346.39093286708885,0.30409784057502426,10.991806060127525,-9.391820623931261
76,CHOC760104,hydrophobic,-9.866907292425058,20.435522166992303,417.61056623763386,0.30335210923834355,12.263783275754575,-9.852630077009731
132,FAUJ880102,geometry,-9.977718955202489,19.85912513640774,394.3848511835017,0.301817172338928,11.839547784826323,-9.963704501749676
486,ROBB760105,sec_struct,-9.979050260603426,20.21231339555438,408.537612800107,0.30179887280465156,9.387405459923182,-9.840643016985204
526,VASM830102,meta,-10.022726233770438,19.938907442624302,397.5600300055388,0.3012003619446458,11.536413024866997,-8.343667495845418
479,RICJ880115,sec_struct,-10.037466947239963,19.534808163028803,381.6087299663368,0.3009991657989913,10.794488889338115,-8.823321172072593
477,RICJ880113,sec_struct,-10.04745433734536,17.90660553587978,320.6465218176004,0.3008630767173145,12.07794711622018,-9.528584423973347
348,ONEK900101,sec_struct,-10.085470102282455,16.535997148643553,273.4392016999477,0.3003467538852955,10.495213783261496,-9.98516232511467
467,RICJ880103,sec_struct,-10.095880791598539,20.447668978543355,418.1071666560842,0.3002058209311077,10.922035248909548,-9.559196129522933
32,AVBF000109,polar,-10.152834009952743,20.200278885760426,408.0512670624985,0.29943832222226413,11.448381658890915,-10.148903483252255
287,MAXF760103,sec_struct,-10.175791390954068,17.54053966200643,307.6705316344206,0.2991306100720733,10.711201776391716,-10.173636617655701
55,CASG920101,hydrophobic,-10.231131551310842,18.99749551087494,360.9048356857136,0.29839273347563317,9.653858816577882,-10.104274581714266
323,NAKH900101,composition,-10.300177703148616,18.290403066567887,334.5388443375159,0.2974797195890997,8.874100371756894,-10.259687792708897
366,PALJ810107,sec_struct,-10.373332679927962,17.301167776817227,299.3304064415787,0.2965214591610922,10.25124244515938,-10.358436192372801
87,CHOP780210,sec_struct,-10.394256463353317,20.422858433017947,417.0931465750923,0.29624907623893804,9.497704767143931,-9.95052856336695
384,PONP800104,hydrophobic,-10.442176808691892,18.876169981289383,356.30979316253047,0.2956280732065327,10.939896869031022,-9.711799535603356
112,CRAJ730103,sec_struct,-10.4751874771174,22.09668267831784,488.26338538627175,0.2952025503653415,9.81999457677551,-10.243718659458352
319,NADH010107,hydrophobic,-10.543256759206537,18.457646019446422,340.6846965791864,0.2943308753647253,10.930741014893135,-10.535802103543485
106,CORJ870107,hydrophobic,-10.671125991756453,19.907320604066197,396.3014136330785,0.29271408548920913,11.573073805803903,-10.670986151435585
565,ZIMJ680105,composition,-10.763626272471495,17.57955886491434,309.04088988498836,0.29156097286375127,9.84165412591017,-10.628916962595193
527,VASM830103,meta,-10.8001186856059,19.565630930549755,382.8139137104852,0.291109790867459,12.286591102476587,-10.692652881509344
96,CIDH920103,hydrophobic,-10.887501262741731,20.34205340842365,413.79913687116016,0.2900378732694346,9.723805256320313,-10.080425513785855
253,KLEP840101,charge,-10.955165418248198,18.371184117209577,337.5004058684134,0.2892159266592112,11.11064080120687,-10.703835623517799
454,RACS820112,geometry,-11.010145023436188,19.235967223226453,370.02243501304247,0.2885531862455087,10.758879985412529,-10.89959426634561
392,PRAM820103,hydrophobic,-11.029492362191219,20.4991433512074,420.2148781333506,0.28832104915293183,9.03409259056183,-11.003179616657107
45,BLAS910101,hydrophobic,-11.066446101850334,19.647188381502847,386.0120112982605,0.28787921603771494,9.797122198938663,-10.910289038905079
460,RADA880104,hydrophobic,-11.160218363207441,20.049337972483322,401.9759531348617,0.2867670925396415,9.28268211491688,-11.098407854811203
352,OOBM770103,geometry,-11.214641784652063,22.302268302274506,497.3911714266382,0.28612752120104507,11.48775743364293,-10.895581236424368
158,FUKS010109,composition,-11.243411216486026,18.886017203681465,356.68164581775227,0.28579115384941767,11.04667080003864,-10.04096806578179
17,AURR980114,sec_struct,-11.326626181615172,20.535881993587665,421.72244925455817,0.2848248564279432,10.220081453305104,-11.204392043374316
495,ROBB790101,hydrophobic,-11.541812072018535,22.491988573427488,505.88954998719265,0.28237084633270415,11.959138975535378,-11.470406470473668
61,CHAM810101,geometry,-11.589057270654386,22.481010617660147,505.3958383913483,0.28184049658320115,12.384759219915992,-10.942205487930472
465,RICJ880101,sec_struct,-11.706259564012754,18.40361543537955,338.6930610933404,0.2805376395864229,11.213732102894655,-11.666545334317293
481,RICJ880117,sec_struct,-11.82711127180812,19.437750568450188,377.8261471612856,0.27921295756729436,10.458600252244741,-11.819051125418426
423,QIAN880123,sec_struct,-11.842934241834568,21.9032781169304,479.75359226760213,0.2790409042112453,9.426975972805348,-11.504632941106564
154,FUKS010105,composition,-11.904598293933283,20.108542520564356,404.35348230134474,0.27837341355419176,10.556000916452504,-11.883710500445817
256,KRIW710101,geometry,-11.908784663675975,19.851725256494625,394.0909956593466,0.27832827109635355,10.81754388974083,-11.761058322831603
219,JUNJ780101,composition,-11.929218618602437,23.40042690145805,547.5799791704817,0.2781082424762738,13.655098412908432,-11.924264875962146
46,BROC820101,hydrophobic,-11.985722978604056,20.71170642706067,428.9747831207463,0.27750252110504964,11.311979041695055,-11.954237080984724
478,RICJ880114,sec_struct,-12.014612822775062,19.563241740283676,382.7204273887774,0.2771943498715451,9.695042551510923,-11.324760867510808
239,KARS160112,meta,-12.157410166395525,18.253917036613636,333.20548717957354,0.27568605148243996,8.950344177071091,-11.205813341076896
531,VINM940101,flexibility,-12.191176049845543,22.376079982956522,500.6889554036676,0.27533298411061385,11.717623893864515,-12.163532286217048
340,NAKH920105,composition,-12.230550303150816,20.479581266912906,419.41324886808997,0.27492298194933085,8.61055462571223,-11.945984623005275
166,GEIM800104,sec_struct,-12.302042013423993,20.644994547860797,426.21579988120203,0.2741832010239063,12.839739983629178,-12.155180183993645
38,BEGF750102,sec_struct,-12.667106173565566,22.186061834299235,492.22133971534913,0.27049654098047005,9.283867179696685,-12.489489524590212
77,CHOP780101,sec_struct,-12.684210019031637,21.28821285731627,453.1880066584058,0.2703274417922469,11.868285677270062,-12.64923625776031
388,PONP800108,hydrophobic,-12.86465543676411,19.190617472702666,368.27979898360087,0.2685625547104998,8.867893748280645,-12.838301840100108
211,JANJ780103,hydrophobic,-12.885682746136444,23.728886106046144,563.0600358337097,0.26835913340458883,15.617036948033979,-12.873486878935482
534,VINM940104,flexibility,-12.93031851891389,21.718567099497847,471.69615685539037,0.2679288479070642,11.970618557044514,-12.863870918335081
310,MUNV940103,sec_struct,-13.001219766377986,24.236037461063592,587.3855118140777,0.26724959994897923,12.400008799175193,-12.340593154258077
285,MAXF760101,sec_struct,-13.152007402237084,20.65492048019499,426.62574004317844,0.26582203380566316,11.852869028493581,-13.119650681735152
509,SUEM840102,observable,-13.175344783057154,22.652279832627737,513.1257816156733,0.2656031274746119,13.158663924809025,-13.008963752682407
240,KARS160113,meta,-13.224652274715218,21.839600205039925,476.96813711597997,0.2651423923914159,10.756703753571514,-12.430457342211826
482,ROBB760101,sec_struct,-13.23838900287578,22.84094494180912,521.7087658347556,0.2650144612098282,13.369045338049208,-13.227518026802072
431,QIAN880131,sec_struct,-13.284238036753115,20.828995196033027,433.84704087636686,0.2645888024227228,10.798055154778625,-13.28368905475956
259,KRIW790103,geometry,-13.437194968365311,18.766141163501164,352.1680541684528,0.2631834582334148,9.880060685917286,-13.429279943906657
513,TANS770101,sec_struct,-13.44156695985331,21.937719755127194,481.2635480544979,0.2631436175796801,12.389303172275925,-12.823872498873495
88,CHOP780211,sec_struct,-13.474356037724212,20.95361190625436,439.0538519179244,0.2628453960725641,12.46840627246431,-13.437091411486932
100,CORJ870101,hydrophobic,-13.50428410329416,23.693779974847626,561.3952094964903,0.2625740791194261,13.324454730838395,-13.354767589766164
197,HUTJ700101,hydrophobic,-13.734940467839824,22.28019485491861,496.4070827731416,0.2605108447864506,7.713560875386919,-13.481087476720637
42,BIOV880101,hydrophobic,-13.76253526612378,24.55777909965294,603.0845143073508,0.2602672515753979,13.423103140401011,-13.732199180381857
484,ROBB760103,sec_struct,-13.825131784891088,23.92199413611002,572.2618034480822,0.25971720393065806,13.532363422288759,-13.719717272369966
341,NAKH920106,composition,-13.881109065168879,22.348104616099402,499.4377799321234,0.259228263209469,9.082689591454276,-12.729652809684728
7,AURR980104,sec_struct,-13.896817333757062,22.701303142056847,515.3491643475601,0.25909155275923224,11.281198555059143,-13.57522817313532
270,LEVM760104,geometry,-13.994030314189505,27.087181321703557,733.715391954846,0.258250283962983,14.497597705622312,-13.7812356847733
265,KYTJ820101,hydrophobic,-14.157090352193526,22.50568179747366,506.50571316913715,0.2568573988787488,11.301874843179975,-13.182195166502792
406,QIAN880106,sec_struct,-14.206716336938706,23.735118315262902,563.3558414395284,0.2564379388967752,12.055917198198568,-14.180253696789663
508,SUEM840101,observable,-14.267138478526688,17.447377439922132,304.41097953110375,0.255929988752564,9.02872454825134,-12.434458850933009
174,GEOR030101,sec_struct,-14.284962052277956,23.553958190736843,554.7889464509792,0.2557807270929606,13.899618658347302,-13.179836254982122
136,FAUJ880106,geometry,-14.442740753197414,22.3480707906924,499.43626806579886,0.25447071474346716,11.685207934460994,-14.224090429188946
313,NADH010101,hydrophobic,-14.540590674898802,19.836877214102454,393.5016976073771,0.25366832379932763,10.037729157097242,-14.521632114255473
286,MAXF760102,sec_struct,-14.599377124501585,22.137725603584173,490.07889489958626,0.2531898964939045,10.029653413790983,-13.719669295375736
364,PALJ810105,sec_struct,-14.625066264972855,21.14232041918142,446.99771270733555,0.2529816763716737,10.715884070910628,-14.39689242479179
226,KARP850102,flexibility,-14.689649951083064,21.760219584180668,473.5071563517598,0.2524604621459402,12.090678332138946,-14.609375320769818
41,BIGC670101,geometry,-14.703179532568752,23.978446759584664,574.9659090022362,0.25235168097751987,12.297705981664853,-13.109146474031855
475,RICJ880111,sec_struct,-14.839193866341283,25.15493094685424,632.7705509410051,0.25126584764164145,12.947919912914527,-14.810387211809616
408,QIAN880108,sec_struct,-14.929168704772843,24.827679908001013,616.4136896141572,0.2505552136051672,12.64619248930851,-12.931678777422546
510,SUYM030101,flexibility,-15.028677267439388,24.98580945352786,624.2906740480022,0.24977625956563568,14.73038190770284,-14.954552046850402
141,FAUJ880111,polar,-15.260654458419669,25.08058045686232,629.0355160531443,0.24798818465990238,15.807302474651879,-15.04536536182082
363,PALJ810104,sec_struct,-15.327035170082478,23.03397510473491,530.5640091255476,0.24748354930829952,11.409956820948384,-15.030092442439862
349,ONEK900102,sec_struct,-15.374720629757455,23.138605636917752,535.395070820802,0.24712293334985092,10.24509917224666,-14.53489826950406
65,CHAM830102,sec_struct,-15.419481920553611,24.917753464327326,620.8944377089965,0.24678586149308612,9.913402178062697,-15.204700578738933
150,FUKS010101,composition,-15.57713397239635,25.224775483495083,636.2892981927346,0.24560956522368435,11.027034307900788,-15.247113676935275
306,MONM990101,sec_struct,-15.620757075233904,23.67580536934052,560.5437598868934,0.24528703807547517,11.363670924754137,-15.293009044114761
432,QIAN880132,sec_struct,-15.683851883397786,22.168003797434356,491.42039236306397,0.24482278681875372,11.017228346776406,-15.281385040030184
229,KARS160102,meta,-15.732510076011458,27.453046849977227,753.6697813470446,0.2444665549272733,12.001667587131434,-14.801084691937652
167,GEIM800105,sec_struct,-15.91502296011647,25.580730468929893,654.3737713240382,0.24314408236644874,11.98560498024858,-15.627418766721451
471,RICJ880107,sec_struct,-16.32753425301059,24.12304443812382,581.9212729636965,0.24023242042812049,10.900652169128335,-16.318130635799925
52,BUNA790103,observable,-16.367489397780105,23.39255894524839,547.2118140069203,0.23995592542656757,10.320369967446656,-15.99330670380387
425,QIAN880125,sec_struct,-16.70348059457812,25.800352345583196,665.6581811562404,0.23766797745690757,14.130883532461594,-16.697850415814617
367,PALJ810108,sec_struct,-16.757910282417626,24.193869714832672,585.3433317782975,0.23730346041903128,13.64532747084268,-16.734039696640664
241,KARS160114,meta,-16.810866904699697,24.139516869908277,582.7162747125864,0.236950413460871,13.602324351373685,-16.771801054156843
189,GUYH850101,hydrophobic,-17.142133839490196,23.63340266769521,558.5377216534232,0.23477714480726516,10.034214717975564,-16.75360612171719
248,KARS160121,meta,-17.341172274250567,22.362912260867287,500.09984478724834,0.23349976883186904,9.417039287261845,-17.226153713394925
275,LEVM780102,sec_struct,-17.630874943367164,26.527829787870736,703.7257532542419,0.23167724207934845,10.429342354348558,-17.621861606234045
502,ROSM880105,hydrophobic,-17.72833010190681,24.918431271094786,620.9282170122744,0.23107367542562735,12.196503415149119,-17.39144790585813
217,JOND920102,composition,-17.865685059731074,24.652482919825115,607.7449141122689,0.23023095233689772,10.524910719294022,-16.725249519058988
39,BEGF750103,sec_struct,-18.03894259850091,24.915740112329576,620.794105345149,0.22918098821937383,11.063345500528458,-17.171208647099828
36,BASU050103,geometry,-18.14013891475185,26.19304074573714,686.0753835078459,0.22857433096661675,12.542394130722444,-18.052128747008943
89,CHOP780212,sec_struct,-18.23440120621521,24.414644101373824,596.0748465967476,0.2280135544059574,11.479319148308138,-16.354052465844546
544,WILM950104,hydrophobic,-18.238719790100618,20.163685539017806,406.5742145163958,0.22798796146271083,9.751537070088663,-18.060262749628503
316,NADH010104,hydrophobic,-18.356108241759998,26.106026956750735,681.5246434665961,0.22729557396389524,13.375963925684276,-16.85227907354487
149,FODM020101,sec_struct,-18.432051002236797,24.058347431793155,578.8040811488682,0.22685099013389595,8.452289768157929,-17.267327879872184
438,QIAN880138,sec_struct,-18.50277012384804,25.21088696148755,635.5888213849029,0.22643932368288563,13.696335345227155,-18.49929117582597
134,FAUJ880104,geometry,-18.5765849352304,26.45018652840363,699.612367387345,0.22601201826543946,14.918299197160326,-17.39736516284658
494,ROBB760113,sec_struct,-18.57941966631489,27.856720484420293,775.9968761471212,0.2259956565321511,14.504016626219654,-18.478785876553108
520,TANS770108,sec_struct,-18.66291456288769,27.23711468842689,741.8604165505197,0.2255153218903528,11.955280925345598,-18.123309189265857
47,BROC820102,hydrophobic,-18.76196713579424,28.67051122602566,821.9982139616634,0.22494943859506758,12.572694187125524,-18.259881646878537
19,AURR980116,sec_struct,-18.930241026915784,24.13444583026134,582.4714755338189,0.22399778537099266,13.1349542649746,-18.81182740936705
203,ISOY800104,sec_struct,-18.98074178385858,25.270328185305708,638.589486593056,0.2237145322613131,12.464790473570037,-18.975550529311917
119,EISD840101,hydrophobic,-19.005217023272575,24.675197421599606,608.8653677949158,0.22357763940765144,14.46424568778858,-17.76899786020867
330,NAKH900108,composition,-19.044805766808768,23.010342744378477,529.4758732137711,0.22335674596178845,9.312706445624048,-18.92936464067745
360,PALJ810101,sec_struct,-19.076871538131464,25.929465674840255,672.337190182719,0.22317830759426302,12.249230524451821,-18.739645636232805
358,OOBM850104,sec_struct,-19.115832419115655,24.048798708068535,578.3447193011989,0.22296207399113313,14.712660714330275,-19.11527592700512
428,QIAN880128,sec_struct,-19.119074709902264,29.523401383946084,871.6312292775895,0.2229441075335275,13.296518240455743,-17.23625765540941
325,NAKH900103,composition,-19.3126251474116,24.982653880894844,624.1329949325902,0.22187939498020365,12.538795999177772,-18.535467431947698
79,CHOP780202,sec_struct,-19.407796158099355,28.320255133456683,802.0368508240797,0.22136142717343288,12.719044212844016,-19.188619776263295
193,GUYH850105,hydrophobic,-19.410953958260293,25.128112792866485,631.4220525310203,0.2213443029814373,12.70814515682769,-17.807450029423897
304,MIYS990104,hydrophobic,-19.459390292644226,25.35964402098435,643.1115448710474,0.22108213828761233,11.369872459860817,-19.450358263648717
538,WERD780102,hydrophobic,-19.584669731834904,27.545524308539687,758.7559094323508,0.22040835248420354,14.815521629715539,-19.21555966062879
382,PONP800102,hydrophobic,-19.626365379080003,27.159519619021918,737.6395059360364,0.22018546498521815,15.085112305415961,-18.865195358743247
164,GEIM800102,sec_struct,-19.78325506779253,27.276010504627774,743.9807490485647,0.2193528170284507,10.61567924544452,-19.774861866302853
75,CHOC760103,hydrophobic,-19.809518955211328,27.354091012765206,748.2462951346423,0.2192143497091682,13.766215963426363,-19.544840830597085
299,MITS020101,hydrophobic,-19.815745163524507,30.274845038958375,916.5662421329426,0.21918156259842272,13.712850318438885,-19.40358843336589
453,RACS820111,geometry,-19.869815795580326,21.933266962108576,481.0681996311236,0.21889744480992093,11.158726759519764,-19.796336017831948
447,RACS820105,geometry,-19.877252347723243,29.688877018532686,881.4294186215583,0.21885845531020603,13.83666034431014,-19.09610420257524
439,QIAN880139,sec_struct,-20.016431573879338,25.103265174550838,630.173922423817,0.218132567366023,12.153634654055336,-19.593635965422063
560,ZHOH040103,hydrophobic,-20.25051373178816,23.32410572881712,544.0139080490396,0.2169278356527416,9.941532767297147,-19.13871411099749
120,EISD860101,hydrophobic,-20.274082874881273,24.68454666179481,609.3268438983253,0.2168076372848903,11.030688017507535,-19.360439080005925
64,CHAM830101,sec_struct,-20.39350349181972,25.46356208130171,648.3929938683063,0.21620166980154226,14.842674263902367,-20.389341870137557
497,ROSG850102,hydrophobic,-20.453174515589517,26.9521386535304,726.4177779991275,0.21590078290170028,14.874522873855485,-19.909299341845497
547,WOLR790101,hydrophobic,-20.556186213904894,26.45342102952748,699.7834841654468,0.21538429682190838,13.916887353723151,-20.54080897709574
58,CEDJ970103,composition,-20.826751062736864,26.31247629129886,692.3464085801646,0.21404517989501734,15.3904319362302,-19.837677441196718
452,RACS820110,geometry,-20.936540269846205,28.79136557751689,828.9427318182244,0.21350887545856767,12.06064230951059,-19.0708797524931
128,FASG760105,polar,-20.960953520122953,27.180325103432804,738.7700727282994,0.21339016715569764,11.171059241291179,-20.59054932229631
23,AURR980120,sec_struct,-20.981342301719337,30.40853641187707,924.6790867124536,0.21329117923200966,12.6788149842957,-20.71055805108708
257,KRIW790101,geometry,-21.018030118303326,28.507995248523883,812.7057930898603,0.21311340560641173,14.748800899107,-20.97946445349999
34,BASU050101,geometry,-21.46511255873846,26.08233568139347,680.288234596891,0.2109821436249516,13.413073442339853,-21.313975566186215
56,CEDJ970101,composition,-21.775617696304035,28.13097814544215,791.3519314193438,0.20953902455737813,9.943968325862443,-21.651097873603018
345,NISK860101,geometry,-22.22417992386671,26.24956836689744,689.0398394484228,0.20750559267822347,13.305089866494264,-20.257627523163297
434,QIAN880134,sec_struct,-22.232767320713062,27.636867683459254,763.7964553530344,0.20746723957246865,13.694664610530209,-22.232488422158948
196,HOPT810101,polar,-22.331572973658943,26.52225914363708,703.4302300822407,0.207027477439066,10.349705905349685,-21.327943681927078
187,GRAR740103,geometry,-22.51256619044364,31.76391658624852,1008.9463968981539,0.20622911801721558,14.903909657589423,-20.206391605188934
370,PALJ810111,sec_struct,-22.548712736379578,27.502701128873245,756.3985693841256,0.20607077957289924,13.972205166751863,-22.08363424095606
315,NADH010103,hydrophobic,-22.639188766639084,29.984736776228452,899.084439539707,0.20567604648088977,11.250735977049098,-22.4960109504336
208,JACR890101,hydrophobic,-22.71423541202038,29.521374875568874,871.5115745438691,0.2053503448897239,15.21175829599094,-22.43322729482788
420,QIAN880120,sec_struct,-22.856529194373653,29.63152805087972,878.0274546300716,0.20473701638072359,10.337726898321097,-22.852418427500446
228,KARS160101,meta,-22.927404090518557,27.64028585729133,763.9854022727792,0.20443356774629903,13.1304341982076,-22.71538653057132
546,WOEC730101,polar,-22.98092694424367,29.067725395330008,844.932659658313,0.20420530342483068,12.590973187945965,-22.684782071711236
390,PRAM820101,hydrophobic,-23.093722426167815,28.208932264034814,795.7438594769044,0.20372674605581623,14.971961500203491,-22.874217146937184
49,BULH740102,geometry,-23.153909942397984,29.276544693662714,857.1160692000304,0.20347276119393573,12.802127188103471,-22.615306788566713
554,YUTK870102,observable,-23.19602500185418,28.369633578716144,804.8361093906185,0.2032956040048471,10.997931661884653,-23.10132057216658
93,CHOP780216,sec_struct,-23.30499394663841,26.803706125793333,718.438662077891,0.2028393645713822,12.05284718055793,-21.49040499300617
180,GEOR030107,sec_struct,-23.435645270234836,23.979038922514366,574.994307647459,0.20229637194607716,10.738796762408075,-21.880531578309288
506,SNEP660103,meta,-23.734297780510534,27.204449361264587,740.0820650496092,0.201071356334625,12.96625679991665,-23.421456835639013
234,KARS160107,meta,-23.742726118089973,27.014024266833363,729.7575070890618,0.201037107044445,14.929509165259633,-22.54801989918136
522,TANS770110,sec_struct,-23.85582177914503,25.160461952661255,633.0488456713147,0.2005792194156938,13.770833797857922,-23.739985421375128
297,MEIH800102,geometry,-23.892856784020402,23.81507921952497,567.1579982322502,0.2004299553625616,13.691339436312264,-23.808740495558595
331,NAKH900109,composition,-23.930888966242335,29.930658570408372,895.8443224583601,0.20027701861882072,15.362522748054868,-23.84722705132798
551,WOLS870103,meta,-23.953334967451745,25.54694747859156,652.6465254739155,0.20018692185236536,14.28861425612891,-22.770963929087294
195,HOPA770101,polar,-24.03474048760923,27.414825854394728,751.5726766267895,0.1998611827102309,13.368996082220953,-22.75409127626344
536,WEBA780101,observable,-24.345472718171145,31.180272356356877,972.2093842165929,0.19863226833435996,13.786462197195268,-24.33867206128004
419,QIAN880119,sec_struct,-24.421367909360463,32.220428218575336,1038.155994588366,0.19833553956280756,14.386925528832501,-23.975473599130744
282,LIFS790102,sec_struct,-24.891039237058134,31.090054453037624,966.5914858928446,0.19652837290552858,15.317757399154258,-24.73373739577202
236,KARS160109,meta,-25.203775896014115,28.2886915459953,800.250069384466,0.1953520899055856,10.714084707473296,-24.96637232867044
350,OOBM770101,geometry,-25.697400695790225,32.295941115220245,1043.0278125177736,0.1935376708190588,11.928845944663507,-25.669870298842532
281,LIFS790101,sec_struct,-26.171701695883023,28.85335307026046,832.5159833971087,0.1918410668733061,10.954517202680885,-25.20413863568082
62,CHAM820101,polar,-26.187978989816703,31.869154507130027,1015.6430089993262,0.19178363117802974,10.930927912716136,-25.819964607169254
400,PUNT030102,composition,-26.701559361869514,26.945675146151984,726.0694090819527,0.18999750221772396,15.159167054741177,-26.693667868767793
184,GOLD730102,geometry,-27.049848011885256,30.91783397945825,955.9124579813433,0.18881423955528465,14.19279900364809,-26.978790203453713
435,QIAN880135,sec_struct,-27.47538245670699,30.216695599793354,913.0486929705711,0.18739811455907776,14.892577402173178,-26.672697977779865
415,QIAN880115,sec_struct,-27.49444409396396,31.90994432878002,1018.2445470658403,0.18733542317140253,13.382465137467111,-27.43860650538478
129,FASG890101,hydrophobic,-28.565851479852082,32.56507398566908,1060.4840436921013,0.183909771383353,15.740860984481678,-28.56577962467027
43,BIOV880102,hydrophobic,-28.675182432945434,33.41452976000854,1116.5307990824963,0.183570673474047,15.367700091599275,-26.927971466707852
152,FUKS010103,composition,-29.422423350087467,33.15019245839175,1098.935260028413,0.1813022096734761,14.665235605924225,-29.33865561056971
8,AURR980105,sec_struct,-29.802423973700602,32.50151304677861,1056.3483503299203,0.1801804025396913,16.496434623791956,-29.652357737463543
562,ZIMJ680102,geometry,-30.32028850074936,29.482059973652593,869.1918602900483,0.17868459950805288,9.846735997674148,-30.15284034540301
561,ZIMJ680101,hydrophobic,-31.196547712064977,31.380217631984678,984.7180586307221,0.17623629195686222,14.389675720465593,-31.078763538669286
161,FUKS010112,composition,-31.225840898083945,34.22384116713236,1171.2713042331038,0.17615617463405095,11.9343141927071,-29.256555765751497
490,ROBB760109,sec_struct,-31.80499193451766,33.46503005023765,1119.9082362633092,0.1745942884226384,18.951312987950033,-30.59600000429562
188,GUOD860101,polar,-31.892092310072307,35.78375132118193,1280.4768586161897,0.17436296673095295,17.932234005280787,-31.06214652931117
198,HUTJ700102,flexibility,-32.10862559948759,36.69576371931339,1346.5790749436767,0.1737918569427469,16.581617784491463,-31.303348917684076
71,CHAM830108,geometry,-32.28643699077948,28.395941823998758,806.329512071922,0.17332704974170973,15.299540445968512,-31.40004850399734
92,CHOP780215,sec_struct,-32.29608761959279,35.04487749282566,1228.1434384871588,0.1733019291289952,19.929636804969807,-32.186915592449914
396,PRAM900104,sec_struct,-32.37751779221002,34.71759610376622,1205.3114792242434,0.17309040016253352,15.46234288264071,-32.302749142998856
374,PALJ810115,sec_struct,-32.3942606825073,37.01914694108106,1370.4172402453514,0.1730470035299944,16.684992927771074,-30.63613433247324
172,GEIM800110,sec_struct,-32.742678250236544,34.42674748816497,1185.200942613873,0.17215126748877532,12.726554658024808,-31.782699312115398
155,FUKS010106,composition,-33.113990592417,31.119666588486194,968.433648578544,0.17121181741074354,15.675087132005968,-32.592390313884195
230,KARS160103,meta,-33.119344625205976,35.38056269750008,1251.7842167917345,0.17119838354121222,16.904051168649325,-31.913925925074565
69,CHAM830106,geometry,-33.77474999423701,30.65793336736743,939.9088783579413,0.16957740762213938,11.258794299951377,-31.340989174444424
288,MAXF760104,sec_struct,-34.131743439953055,39.18383597560159,1535.3730017628493,0.16871362185838784,13.444537741291533,-32.20635471654925
395,PRAM900103,sec_struct,-34.2254331654355,38.24969308142802,1463.0390208234426,0.168489107127694,16.47893583168361,-31.849676980040428
487,ROBB760106,sec_struct,-34.669282309723684,30.89763578266731,954.6638969583635,0.16743753218677448,16.12064676557447,-32.13534885808376
165,GEIM800103,sec_struct,-34.98104403815503,33.37991617553486,1114.2188038857337,0.16671056354430908,15.659851915951132,-32.637856698188045
74,CHOC760102,hydrophobic,-35.56889895870753,36.694486587162764,1346.485345895468,0.1653651761204595,12.664003576433137,-35.545089940282125
317,NADH010105,hydrophobic,-36.269593968218814,37.30884893476838,1391.9502088373677,0.16380330846804406,16.431451799307638,-35.98663394765318
116,DESM900101,composition,-36.447591588741986,34.86831586424898,1215.799451209037,0.16341354603454147,17.23026849299348,-34.33530060438888
25,AVBF000102,polar,-36.913151113785716,33.768171048161854,1140.2893759379165,0.16240711778443792,13.167180461614157,-34.863841477271315
2,ARGP820102,sec_struct,-38.30982031149782,38.23629641549663,1462.0143635737204,0.15949588057927278,16.717290521665774,-37.1414924925548
296,MEIH800101,geometry,-38.740516635657315,36.74625696143511,1350.287400675818,0.15862924077407983,16.67236130332487,-38.74051500053128
48,BULH740101,hydrophobic,-38.75737234077042,34.64659785056677,1200.386742618898,0.1585956106445318,14.32203632442119,-38.5601101600388
111,CRAJ730102,sec_struct,-38.85722104678826,33.24716492285168,1105.3739754072994,0.15839683240328822,12.220754197298993,-38.842595790986614
343,NAKH920108,composition,-39.02095982224973,33.3330698304035,1111.093544318556,0.15807247379535289,14.559977760121152,-35.59747034963589
102,CORJ870103,hydrophobic,-40.479690015839545,34.004309959628785,1156.2930958305094,0.15526810367919938,14.37986218246067,-38.446230346348116
222,KANM800102,sec_struct,-40.48983131075547,39.24417028689206,1540.1049015065812,0.15524912654898557,17.536128296504984,-39.832893911923854
463,RADA880107,hydrophobic,-40.93492554078767,39.41929509807631,1553.880826029223,0.1544230272295099,17.335488374877908,-38.04581318270599
449,RACS820107,geometry,-41.273866070952295,35.189847883693524,1238.3253940774894,0.15380272013717594,18.253601093840103,-40.783017061992865
549,WOLS870101,meta,-43.47780146744375,41.75828852822395,1743.7546608064001,0.14994374168949842,19.128379042816974,-43.214800744465
194,HARY940101,geometry,-43.96324434125619,42.422130163389106,1799.6371275995277,0.14913211593242856,19.047591748863617,-41.18768844842837
267,LEVM760101,hydrophobic,-44.231763933142325,39.814314177952724,1585.179613460727,0.14868879358119066,21.899357188533344,-41.64594808755402
130,FAUJ830101,hydrophobic,-45.024643940974826,39.45612076148464,1556.7854655448593,0.14740247689899333,16.388812999877064,-44.17801117448184
215,JOND750102,charge,-45.543177788677234,44.13036939479966,1947.4895029214706,0.14657907747385798,21.123708240372657,-44.87148802134753
80,CHOP780203,sec_struct,-46.64741500164605,35.293670798274995,1245.643198417009,0.14487062308225804,15.03693654102799,-45.896092999148614
521,TANS770109,sec_struct,-46.94921979474697,37.31793121646623,1392.6279902769047,0.14441397679679763,21.376509567348098,-46.90500726179767
298,MEIH800103,geometry,-47.00507252611329,39.467264540413524,1557.664970302983,0.14432994127600055,17.751618673349792,-46.91193399892316
35,BASU050102,geometry,-47.06892192624294,38.08107161732989,1450.168015524208,0.14423405351726823,19.65193796110456,-47.06885016355186
524,TSAJ990102,geometry,-47.39679478418552,40.16118725630982,1612.9209618363825,0.1437446533574911,16.042176751759303,-47.391001464049005
260,KUHL950101,polar,-48.03045811771003,41.48114349096754,1720.6852653182389,0.1428127639568245,21.323606413660602,-46.785250067254836
305,MIYS990105,hydrophobic,-48.948167770680456,36.7100079320686,1347.6246823725394,0.14149471511922676,17.898779703851154,-48.924631911039874
334,NAKH900112,composition,-49.10788251686063,42.06795708359732,1769.713013187386,0.14126903376851896,16.457608683434835,-47.79797276867225
278,LEVM780105,sec_struct,-49.564306056316056,40.60598524778464,1648.8460379433036,0.1406299992078873,16.91122097402235,-49.314849295019805
327,NAKH900105,composition,-50.42840653566065,34.556624204083406,1194.160276382243,0.13944356130139038,13.318422701286805,-50.3607200546375
442,RACS770103,geometry,-51.15206336703922,40.11153395765435,1608.935156436058,0.13847272926812454,15.588738260648904,-51.03405014974255
451,RACS820109,geometry,-52.107808142639435,50.949209383083804,2595.8219367613146,0.13722107306461984,23.497229910531324,-51.64791625701262
220,JURD980101,hydrophobic,-52.346155999161724,39.20400770798116,1536.9542203674464,0.13691418157047297,17.101057874969,-51.187064718832886
199,HUTJ700103,flexibility,-52.49482207675272,43.30736311815499,1875.5277002477308,0.13672380187673078,22.44965262628635,-50.30842019518359
496,ROSG850101,hydrophobic,-52.823066467906244,44.26406170508342,1959.3071586314327,0.1363062536228761,18.74594171450473,-52.6569107868471
207,ISOY800108,sec_struct,-53.21667787929169,40.151078191394674,1612.109079931489,0.13581056270747074,22.30681053339615,-53.216543818258536
440,RACS770101,geometry,-53.4697670219906,41.96705687384171,1761.233862652265,0.13549467923075492,14.547966829679117,-53.446259616079075
104,CORJ870105,hydrophobic,-54.19205097993541,41.68208549429414,1737.3962511536463,0.1346051677038708,17.43178663987087,-51.79395315478586
397,PTIO830101,sec_struct,-56.020946749133145,45.664241312357,2085.2229346331715,0.13242890500255788,20.158252042508074,-55.48437398196647
489,ROBB760108,sec_struct,-56.02642715937124,40.53386359035484,1642.9940975614936,0.13242254144270657,18.91503038501672,-55.85015182862725
333,NAKH900111,composition,-56.2885631667139,43.210912401604894,1867.1829505791713,0.13211923032493578,14.55690171783446,-54.288411137276654
232,KARS160105,meta,-57.083424065458004,50.27923143269224,2528.0011134622273,0.13121210256886687,17.66941457261595,-55.01773721970293
139,FAUJ880109,polar,-57.863151379094326,45.27094196212953,2049.4581861385,0.13034015865868112,19.9399819413196,-54.75867417863965
284,MANP780101,hydrophobic,-58.02871231792383,43.49841011151629,1892.111682229663,0.13015724435688936,20.71831552440661,-57.6156432803555
523,TSAJ990101,geometry,-58.256951431529494,41.28052608107951,1704.0818335306853,0.12990634016706365,14.400427332861979,-58.09440373312534
410,QIAN880110,sec_struct,-58.42496822309097,42.57726750154236,1812.8237078978948,0.1297225630706779,19.943050891999004,-53.35829156868103
44,BLAM930101,sec_struct,-58.86733872881725,38.29443539983275,1466.4637825919635,0.12924240278341625,17.03809284383318,-58.14206312908817
70,CHAM830107,geometry,-59.70069617248352,45.829047213194976,2100.301568469254,0.12835215477466075,17.44350240290745,-56.94655206173376
255,KOEP990102,sec_struct,-60.019058332624226,50.72099278809513,2572.6191094099986,0.1280168832295757,19.710361151532428,-57.39449818076363
455,RACS820113,geometry,-61.636979186540245,44.22002416430512,1955.4105370917289,0.12635272064598135,14.838370814529332,-61.38735732130388
346,NOZY710101,hydrophobic,-61.946553350870374,44.61886198003443,1990.8428443933622,0.12604163332293597,17.705849704986456,-61.833935068850046
247,KARS160120,meta,-62.20886425798838,52.60829223884057,2767.632412287253,0.12577983089954617,30.043576063437552,-52.446004952866545
307,MONM990201,sec_struct,-63.099443929269555,46.547539954526684,2166.673475818258,0.12490299981319382,20.700645512316996,-59.63600514335292
283,LIFS790103,sec_struct,-64.3747715388625,42.88575039089059,1839.1875865897728,0.1236786989261733,15.171369165685093,-63.7498523233799
379,PLIV810101,hydrophobic,-67.12192098470048,43.85357904251991,1923.1363948385415,0.12115924458423619,15.74635486097704,-65.4276152278976
146,FINA910102,sec_struct,-71.1438834655149,49.10543698303674,2411.3439412949924,0.11773355063791291,22.36905705146148,-69.53388058790071
376,PARJ860101,observable,-72.1426952309341,51.31760792440864,2633.4968830833286,0.11692692275378896,17.69434008841054,-71.84412053577677
365,PALJ810106,sec_struct,-73.06906665954494,45.034884013074176,2028.1407780710442,0.11619342779604207,17.785321752647906,-70.87431564202441
302,MIYS990102,hydrophobic,-76.58776535119564,49.92436469648838,2492.4421903479756,0.11352810224000251,14.834775727136027,-74.94416037252441
499,ROSM880102,hydrophobic,-82.2731909981652,53.95152003830791,2910.76651444394,0.1095840624868782,23.67029666123867,-79.16822685729385
213,JANJ790102,hydrophobic,-83.21513274408295,48.75411958878857,2376.9641768778974,0.1089694932408426,17.733048095078246,-81.06196395756922
162,GARJ730101,hydrophobic,-94.30955280841168,53.54572613500326,2867.1447873247707,0.1024310876125384,22.570122765859782,-94.25290853949083
512,TAKK010101,observable,-102.71132454192413,55.96296177335706,3131.853090446223,0.09819444268194868,20.950776245246324,-101.0738043787727
480,RICJ880116,sec_struct,-106.72238839687984,56.8724379472121,3234.4741980594904,0.09634895597036916,24.2659261065089,-106.17745896822971
555,YUTK870103,observable,-111.42748432919858,57.14295055924921,3265.3167986167996,0.09431130482475555,23.226736131940694,-110.8290573254603
264,KUMS000104,composition,-111.82903306174038,53.92259598095131,2907.646357324906,0.09414333236894899,21.280293828391898,-111.82020929092312
556,YUTK870104,observable,-116.15694506085397,58.07231111933041,3372.3933187403063,0.09238808828184997,23.747173710362485,-113.44114548838705
105,CORJ870106,hydrophobic,-127.0549445557493,64.88064000751613,4209.497447784903,0.08836938321252898,18.179710067576586,-125.94760116364763
294,MEEJ810101,hydrophobic,-129.26034147410573,78.38667446512139,6144.470733700913,0.08761811262406329,27.94373214660406,-128.25741221213937
173,GEIM800111,sec_struct,-129.7609382613043,60.80826164966037,3697.6446848535566,0.0874502360173263,24.94421483226936,-128.7886832745734
377,PARS000101,composition,-136.31496205689496,67.64666810283094,4576.071705414565,0.08533772666406703,31.694372179878673,-127.98146365015032
389,PONP930101,hydrophobic,-140.67812979822986,61.07743648700568,3730.453247824212,0.08401340608669434,21.46677991162152,-136.47812875870915
300,MIYS850101,hydrophobic,-146.04163999613795,73.96825461849201,5471.302691306065,0.08246693070214853,23.031095403445622,-143.07628993801742
99,COHE430101,geometry,-159.12491945779183,73.42690485039601,5391.510355909109,0.07902609784426151,24.34357995960065,-146.65455409381107
559,ZHOH040102,observable,-199.108346740222,79.93638072758212,6389.824963824962,0.07069153271840248,25.597532266813708,-190.72534174679703
542,WILM950102,hydrophobic,-214.9468390815649,69.21201922125958,4790.303604684005,0.06804975630452763,27.305854091394533,-212.69564315285893
436,QIAN880136,sec_struct,-239.42409075787415,79.44096043932639,6310.866195522621,0.06449276678160519,26.48257860583709,-235.68574511308557
511,SWER830101,hydrophobic,-275.69032079059815,96.37797324582841,9288.713726973618,0.06011779131874627,38.7350436394379,-275.49579331055526
50,BUNA790101,observable,-361.3833490844025,105.14642303431066,11055.770276910214,0.05253102595123801,41.74088246811738,-347.50014384286123
529,VENT840101,observable,-524.4555778648096,112.69285494618504,12699.6795559219,0.043624654126193846,37.20474407835719,-505.6334236468196
