,Index,R2,RMSE,MSE,RPD,MAE,Explained Var
0,ANDN920101,1.0,5.730125620144946,32.83433962264151,0.9188233327015636,4.181132075471698,-0.2068101328653169
380,PONJ960101,1.0,5.338433096380276,28.4988679245283,1.1849271752334793,4.279245283018868,0.28108734336903207
374,PALJ810115,1.0,5.042667009236058,25.42849056603773,1.1594968643054577,4.077358490566038,0.25794854758748464
375,PALJ810116,1.0,5.965893628992461,35.59188679245283,0.841687336853034,4.866037735849056,-0.37196596073880683
376,PARJ860101,1.0,5.394004358439833,29.09528301886792,1.1315741588029924,4.107547169811322,0.21560438717071828
377,PARS000101,1.0,5.772494964329337,33.32169811320755,0.9525745644611144,4.730188679245284,-0.11695205216429683
378,PARS000102,1.0,5.720090380602754,32.719433962264155,1.0022712277565684,5.009433962264152,0.021628784684060043
379,PLIV810101,1.0,4.73788425036021,22.447547169811326,1.2015037105345532,3.7169811320754715,0.3251868443316983
381,PONP800101,1.0,5.555449474878206,30.863018867924538,0.9998536194006059,4.324528301886792,-0.018885245099641734
372,PALJ810113,1.0,5.4313207678260795,29.499245283018876,1.0285260033646615,4.592452830188679,0.037342042965243905
382,PONP800102,1.0,5.220460472714051,27.25320754716981,1.3027327643378188,4.011320754716982,0.40175332427602894
383,PONP800103,1.0,5.95173987563047,35.42320754716981,1.0880559314850449,4.507547169811321,0.14098644620662515
384,PONP800104,1.0,5.6712116438583005,32.16264150943397,0.9829994900381024,4.516981132075473,-0.05321883902302327
385,PONP800105,1.0,5.293695075008553,28.023207547169807,1.0901922331878164,4.29245283018868,0.15775638004585602
386,PONP800106,1.0,4.902906338697257,24.03849056603774,1.1640489622017776,3.9471698113207543,0.2817486380677984
387,PONP800107,1.0,4.5624389373013825,20.81584905660377,1.2209138968707336,3.483018867924528,0.35805953606855
373,PALJ810114,1.0,4.637724718656524,21.508490566037732,1.162029952387658,3.5867924528301893,0.29556558793089927
371,PALJ810112,1.0,5.758783283442812,33.16358490566037,0.9206851178820575,4.639622641509434,-0.20220731165208328
354,OOBM770105,1.0,6.505933431208835,42.32716981132076,0.9329248152002901,4.875471698113208,-0.1685388012809692
362,PALJ810103,1.0,5.477173902868537,29.99943396226416,1.0312431788722853,4.364150943396227,0.043853302037112574
356,OOBM850102,1.0,4.999075386207046,24.990754716981126,1.2346298543409966,3.7150943396226404,0.3961797638508231
357,OOBM850103,1.0,5.70325957776084,32.52716981132075,0.888052933426223,4.735849056603775,-0.28268410588457593
358,OOBM850104,1.0,4.7799700006953145,22.848113207547165,1.2069475844251374,3.8056603773584903,0.3103347754808895
359,OOBM850105,1.0,5.3063863267817775,28.157735849056607,1.278785022638753,4.113207547169812,0.38430095922051977
360,PALJ810101,1.0,5.915856530593523,34.997358490566036,0.9085690482056535,4.762264150943396,-0.21982404250108334
361,PALJ810102,1.0,5.200507957773733,27.045283018867924,1.1924990870517103,4.067924528301886,0.29187315369276556
363,PALJ810104,1.0,4.989366050402162,24.89377358490567,1.1762470774709513,3.9905660377358494,0.2736468790599107
370,PALJ810111,1.0,5.372080163495224,28.859245283018872,1.1150582789453714,4.2,0.18135133446143736
364,PALJ810105,1.0,5.187484939737175,26.909999999999997,1.0304498025894044,4.081132075471698,0.15984273126052695
365,PALJ810106,1.0,5.818658990938566,33.856792452830206,0.81734698603191,4.839622641509434,-0.5087219459232619
366,PALJ810107,1.0,5.113411887583033,26.146981132075478,1.150271848937965,4.1000000000000005,0.26152142558081193
367,PALJ810108,1.0,3.7666360548653115,14.18754716981132,1.5418354227848403,2.690566037735849,0.5772494045904148
368,PALJ810109,1.0,5.168518637449262,26.71358490566038,1.2096979575097508,3.9735849056603776,0.306997311046984
369,PALJ810110,1.0,5.013190149166309,25.132075471698123,1.1861309447765949,4.09811320754717,0.28442190387117283
388,PONP800108,1.0,5.817150959277134,33.839245283018876,0.9014127399229286,4.70566037735849,-0.24762835793478755
389,PONP930101,1.0,5.140883119200729,26.428679245283018,1.2038037474950105,4.154716981132076,0.29718555516291056
390,PRAM820101,1.0,6.109164164798064,37.32188679245283,0.968436067342252,4.569811320754717,-0.08575685779538822
415,QIAN880115,1.0,5.656270522739794,31.993396226415097,0.939697419690294,4.40566037735849,-0.1536643487521614
409,QIAN880109,1.0,5.735144879813659,32.89188679245284,0.9581097132509542,4.518867924528302,-0.10951590109404141
410,QIAN880110,1.0,5.288577937761114,27.969056603773595,1.1079892259361612,4.245283018867925,0.21277854850013533
411,QIAN880111,1.0,6.372064622017719,40.603207547169816,0.909329474421941,5.111320754716981,-0.2322710821042715
412,QIAN880112,1.0,5.4334047145830064,29.52188679245284,1.2521542032267807,4.309433962264151,0.35313346269785073
413,QIAN880113,1.0,5.632201888534142,31.721698113207548,1.0067975997787328,4.503773584905661,-0.0012232333080559599
414,QIAN880114,1.0,5.622377795512473,31.611132075471694,1.0501450073398837,4.7,0.0803294120194048
416,QIAN880116,1.0,4.272288945072498,18.252452830188677,1.3800151214997887,3.011320754716981,0.47005143392660054
391,PRAM820102,1.0,4.447428767446358,19.779622641509437,1.061289185995362,3.513207547169811,0.09623990300895036
417,QIAN880117,1.0,5.0836957289112945,25.843962264150942,1.2342555236949238,3.809433962264151,0.3310570567094432
418,QIAN880118,1.0,6.302694841427034,39.72396226415094,0.8280903697998117,5.058490566037735,-0.4732864815327895
419,QIAN880119,1.0,4.994449749660797,24.9445283018868,1.1852567403998302,3.830188679245283,0.28881158140558727
420,QIAN880120,1.0,3.798385953145968,14.427735849056605,1.394149892987151,2.843396226415094,0.47626324315651647
421,QIAN880121,1.0,5.607441147833395,31.4433962264151,0.9982477898122221,4.264150943396227,-0.006786901169572923
422,QIAN880122,1.0,5.507696159115177,30.334716981132075,1.0674732835196343,3.7547169811320753,0.13480906305949236
408,QIAN880108,1.0,4.715450317638094,22.235471698113205,1.1703639237742955,3.6981132075471694,0.25593157945525213
407,QIAN880107,1.0,5.2625949549986615,27.694905660377362,0.9920596260082185,4.09622641509434,-0.03473835940012626
406,QIAN880106,1.0,4.864367941644435,23.662075471698117,1.3880604450072382,3.8396226415094343,0.47152206309088596
405,QIAN880105,1.0,4.74289936005632,22.49509433962265,1.2382038023612147,3.6264150943396234,0.3353561321841534
404,QIAN880104,1.0,5.089834485947418,25.90641509433962,1.149983431416594,3.8301886792452837,0.2608658814478608
403,QIAN880103,1.0,5.680386646420312,32.2667924528302,1.0711674766544872,4.267924528301887,0.16307597559037001
402,QIAN880102,1.0,5.252977592271422,27.593773584905662,0.9600238174186253,4.375471698113208,-0.054347199560790926
401,QIAN880101,1.0,5.1837008707082175,26.870754716981132,1.213810884035856,4.29245283018868,0.3087880630348657
400,PUNT030102,1.0,5.414568050159803,29.317547169811323,0.955521777904158,4.379245283018869,-0.048570313156588885
399,PUNT030101,1.0,5.454840329365097,29.75528301886792,1.0126305917637906,4.2132075471698105,0.03109066216990819
398,PTIO830102,1.0,4.564340866671749,20.83320754716981,1.341738300773573,3.4830188679245286,0.44164605995874784
397,PTIO830101,1.0,5.025726268739861,25.25792452830189,1.1361695000663539,4.194339622641509,0.22510185921727432
396,PRAM900104,1.0,4.778607991834301,22.835094339622653,1.0898892388504067,3.833962264150943,0.15072612115235462
395,PRAM900103,1.0,5.969403117976341,35.63377358490566,1.063937842168742,4.530188679245282,0.1443006160134721
394,PRAM900102,1.0,5.332792818522301,28.438679245283023,1.0223869213294297,4.477358490566039,0.11624607326264114
393,PRAM900101,1.0,5.778603996723033,33.39226415094341,1.0619894320546799,4.364150943396227,0.10335941809986449
392,PRAM820103,1.0,4.92818233551433,24.286981132075475,1.2509859274394644,3.8056603773584916,0.3580726688067286
355,OOBM850101,1.0,4.914034579554423,24.147735849056613,1.1371219953235066,3.7415094339622654,0.2297080870628051
353,OOBM770104,1.0,5.180587859117703,26.838490566037745,1.1412977488040434,4.052830188679246,0.2771528217885598
1,ARGP820101,1.0,5.982774014256295,35.79358490566038,1.2317321994574206,4.720754716981132,0.32826851742718444
309,MUNV940102,1.0,6.417664302091503,41.18641509433962,0.928149559452219,5.252830188679246,-0.03440204613624065
303,MIYS990103,1.0,5.336983813580017,28.483396226415095,1.184977104775047,3.9132075471698116,0.27414079250831036
304,MIYS990104,1.0,5.351018242018531,28.633396226415094,1.1550970464998138,4.1,0.2778498640807534
305,MIYS990105,1.0,4.3825769967081545,19.20698113207547,1.2397149605217754,3.473584905660377,0.3674308195064123
306,MONM990101,1.0,5.729236506149508,32.824150943396226,1.0527656220681436,4.320754716981132,0.08743557126462942
307,MONM990201,1.0,5.421654694153945,29.394339622641507,1.086439150345639,4.211320754716981,0.15128627468205236
308,MUNV940101,1.0,5.404767287678745,29.21150943396226,1.060534359901207,4.239622641509434,0.09979767815807616
310,MUNV940103,1.0,6.592362648020729,43.45924528301888,0.9565415848190002,5.158490566037736,-0.10436871986140295
301,MIYS990101,1.0,4.847173850773525,23.495094339622646,1.1095265051413048,3.9547169811320755,0.20918820756539502
311,MUNV940104,1.0,5.933674288839735,35.20849056603773,1.0186228792212273,4.424528301886792,0.01940101137855499
312,MUNV940105,1.0,5.748010320233378,33.039622641509425,1.1039764624496784,4.8037735849056595,0.16524054842236136
313,NADH010101,1.0,4.756445477970462,22.623773584905656,1.217593032056476,3.6377358490566047,0.3607801069651543
314,NADH010102,1.0,5.452972185916353,29.73490566037737,1.1806715516553266,4.341509433962264,0.28221967350821897
315,NADH010103,1.0,5.359474066002274,28.723962264150956,1.2527010513993064,4.349056603773584,0.3508855110414184
316,NADH010104,1.0,4.73427884966814,22.41339622641509,1.244706420683151,3.7339622641509433,0.3819107533243321
302,MIYS990102,1.0,4.647417623372978,21.59849056603774,1.231467935298501,3.724528301886793,0.3735701960937228
300,MIYS850101,1.0,5.311681679482585,28.213962264150936,1.015027710580981,4.283018867924528,0.015044135555747684
352,OOBM770103,1.0,5.855798609796154,34.29037735849057,1.03737802401209,4.6547169811320765,0.0604388861947186
291,MCMT640101,1.0,5.668865648068321,32.136037735849065,1.1552773735180792,4.164150943396227,0.23723758375544501
285,MAXF760101,1.0,6.309008234711727,39.80358490566038,0.894347874400175,5.1301886792452835,-0.23391667838644947
286,MAXF760102,1.0,5.844591113415794,34.159245283018876,0.9583236763628283,4.675471698113208,0.05453037231142388
287,MAXF760103,1.0,5.277452930530244,27.851509433962267,1.1920072201023935,3.862264150943396,0.29892794283926627
288,MAXF760104,1.0,5.804585045218118,33.69320754716982,0.9350848548650552,4.532075471698113,-0.11265520554859143
289,MAXF760105,1.0,5.452003266932396,29.724339622641512,1.1284055630402976,4.632075471698113,0.20978665124070794
290,MAXF760106,1.0,4.5161763757191515,20.39584905660377,1.317183617224334,3.6943396226415097,0.4185429135330946
292,MEEJ800101,1.0,5.5681201732856795,31.00396226415095,1.0195843634001849,4.5150943396226415,0.020885874874784216
299,MITS020101,1.0,4.641527074671186,21.543773584905658,1.2004885940209595,3.796226415094339,0.3007989330730525
293,MEEJ800102,1.0,6.218717941038062,38.67245283018868,1.0868102770681558,4.8,0.14197645897764966
294,MEEJ810101,1.0,4.623483943260202,21.3766037735849,1.2334810091936075,3.7509433962264147,0.33310425891002804
295,MEEJ810102,1.0,5.7575545123137255,33.14943396226414,0.8938277590908114,4.6528301886792445,-0.24625119571272402
296,MEIH800101,1.0,5.512917934355944,30.392264150943408,1.1428474959050663,4.560377358490566,0.21964567216311315
297,MEIH800102,1.0,5.806291317865866,33.71301886792453,0.9076972793382624,4.715094339622643,-0.21368573325310947
298,MEIH800103,1.0,5.303185230114602,28.123773584905663,1.0693203857481426,4.283018867924529,0.16975295478265773
317,NADH010105,1.0,4.277695553131735,18.29867924528302,1.2118547921039422,3.416981132075472,0.3209532990921218
318,NADH010106,1.0,5.4163623523611735,29.33698113207547,1.122438226164272,4.086792452830189,0.22134966207792184
319,NADH010107,1.0,5.1529804528224075,26.55320754716982,1.1197099827513415,4.052830188679245,0.18778736975786203
344,NISK800101,1.0,5.008954246298267,25.089622641509447,1.2391767535028932,3.4622641509433967,0.3523119854811625
338,NAKH920103,1.0,4.065965503013782,16.532075471698114,1.3049878381036237,3.3132075471698106,0.44367326412901464
339,NAKH920104,1.0,5.681549084536717,32.28,1.1947162760466676,4.467924528301888,0.2985266262851032
340,NAKH920105,1.0,5.061471185933763,25.618490566037732,1.0616220464769617,3.901886792452831,0.09778187067023936
341,NAKH920106,1.0,6.4483433589932,41.5811320754717,0.9618835168008605,5.3584905660377355,-0.10074001221187112
342,NAKH920107,1.0,4.432789487614929,19.64962264150943,1.3225352268120703,3.586792452830188,0.49996980617676956
343,NAKH920108,1.0,6.0167846989241305,36.20169811320754,0.9240124925974049,4.866037735849056,-0.14522415529281218
345,NISK860101,1.0,5.016613907242576,25.166415094339623,1.2502883518653258,3.962264150943397,0.35512116999659127
320,NAGK730101,1.0,5.054028843128006,25.54320754716981,1.1785130966019501,3.79056603773585,0.26848809121277817
346,NOZY710101,1.0,5.290022648594382,27.98433962264152,1.1019463804663008,3.960377358490566,0.210153376984483
347,OLSK800101,1.0,5.681416246503835,32.278490566037725,1.035838115009695,4.558490566037735,0.05975836997902384
348,ONEK900101,1.0,5.379363082169795,28.937547169811317,1.1280613806291597,4.299999999999999,0.22538445181535316
349,ONEK900102,1.0,5.425759663358514,29.438867924528296,1.252275138720048,4.2264150943396235,0.3687775390382154
350,OOBM770101,1.0,6.012267333591051,36.14735849056605,0.9365418440369541,4.6962264150943405,-0.13330682829703333
351,OOBM770102,1.0,6.339022601881919,40.183207547169815,0.9250300555544981,5.1113207547169806,-0.1081090492968293
337,NAKH920102,1.0,7.190126878456449,51.69792452830188,0.7832997688411567,5.650943396226415,-0.6566493745674591
336,NAKH920101,1.0,5.662621567689998,32.06528301886793,0.9855554894546574,4.645283018867925,-0.049314179906236655
335,NAKH900113,1.0,5.302562570240991,28.117169811320746,1.2023262717681447,4.111320754716981,0.296918996057668
334,NAKH900112,1.0,3.680289160091473,13.5445283018868,1.550590716782703,2.8679245283018866,0.5944516037883637
333,NAKH900111,1.0,5.117561329604576,26.18943396226415,1.108290368797549,3.916981132075472,0.17255423380565615
332,NAKH900110,1.0,6.415517744073997,41.15886792452831,1.0395870148977588,5.0943396226415105,0.06465315775125757
331,NAKH900109,1.0,4.9192920183969715,24.19943396226415,1.149748994370218,3.7301886792452827,0.2344185552716398
330,NAKH900108,1.0,5.448195131296166,29.68283018867925,1.1315977981485634,4.349056603773586,0.2338754375269798
329,NAKH900107,1.0,4.774539392977541,22.796226415094342,1.350346625053324,3.7396226415094347,0.4555691030510496
328,NAKH900106,1.0,6.399351382226761,40.951698113207556,1.0131697192741684,4.777358490566037,0.021603518875285666
327,NAKH900105,1.0,5.607491619623782,31.443962264150944,1.1429662015419007,3.8886792452830194,0.23530795974899654
326,NAKH900104,1.0,4.939521021772081,24.398867924528304,1.2128423406158921,3.7886792452830185,0.30719000634490834
325,NAKH900103,1.0,5.818334716044148,33.85301886792453,0.9870008926567821,4.432075471698114,-0.03238892945115035
324,NAKH900102,1.0,6.159943641006579,37.94490566037738,1.0066520539839723,5.079245283018869,0.0052323215699833225
323,NAKH900101,1.0,5.633893388854738,31.740754716981122,0.8969552675984087,4.226415094339622,-0.24413248538112198
322,NAGK730103,1.0,5.672292804534808,32.17490566037736,1.0972490695786838,4.481132075471699,0.15393070037729628
321,NAGK730102,1.0,5.693193552847881,32.412452830188684,1.0718174676318222,4.456603773584906,0.11644844123251386
423,QIAN880123,1.0,5.080929940139283,25.81584905660378,1.1450557526899543,4.041509433962265,0.25554560294456286
424,QIAN880124,1.0,5.013265421726566,25.132830188679243,1.2027821977540274,3.8716981132075476,0.3214280154321789
425,QIAN880125,1.0,6.028407593486654,36.341698113207556,1.1437548453053552,4.9075471698113216,0.2856153506110032
521,TANS770109,1.0,5.164921596146415,26.676415094339635,0.9602669224032451,4.213207547169811,-0.08413352823779108
515,TANS770103,1.0,6.111047836531585,37.344905660377364,1.0527645887951185,4.833962264150943,0.08291017374878196
516,TANS770104,1.0,4.867625045636288,23.693773584905674,1.1574817308560723,3.726415094339623,0.31405526603833445
517,TANS770105,1.0,4.671874901400894,21.826415094339616,1.366766059005323,3.826415094339622,0.46934721842771054
518,TANS770106,1.0,5.8752599300186725,34.51867924528302,0.9603443273469597,4.560377358490566,-0.06479296523099731
519,TANS770107,1.0,5.166200019502676,26.689622641509445,1.0141194390591304,4.1415094339622645,0.036560710719404144
520,TANS770108,1.0,5.392062650103531,29.074339622641514,1.1357542253626214,4.430188679245285,0.2100152416872625
522,TANS770110,1.0,6.018650259268786,36.224150943396225,0.9081830992542418,4.890566037735849,-0.21003845642847563
513,TANS770101,1.0,5.233743924925838,27.392075471698114,1.2061613562096316,4.20754716981132,0.30805106289370476
523,TSAJ990101,1.0,5.041488249870757,25.41660377358491,1.072975798532729,3.924528301886793,0.1154117238003074
524,TSAJ990102,1.0,5.058525402257364,25.58867924528302,1.1954742484307068,3.9169811320754717,0.2868510740893977
525,VASM830101,1.0,6.06384273206729,36.770188679245294,0.9851087814066484,4.90566037735849,-0.049981188289965006
526,VASM830102,1.0,5.213064140776427,27.176037735849064,1.080378802308277,4.156603773584906,0.1315937275726956
527,VASM830103,1.0,4.678130573250105,21.884905660377356,1.2881282314374534,3.5433962264150947,0.40818694868443683
528,VELV850101,1.0,5.340941899829888,28.525660377358488,1.0749018623628288,4.184905660377358,0.130892919304329
514,TANS770102,1.0,5.4722972996584405,29.946037735849064,1.0079549073703,4.166037735849057,0.09041311606167035
512,TAKK010101,1.0,4.192130993200348,17.57396226415094,1.372031711052089,3.1396226415094337,0.4691077517704907
426,QIAN880126,1.0,5.401956319285791,29.18113207547169,1.1060029597278473,4.233962264150943,0.17680175097695516
503,SIMZ760101,1.0,5.935597758837519,35.231320754716975,1.0897031638987549,4.520754716981132,0.1420442235535272
497,ROSG850102,1.0,6.243653381408181,38.98320754716981,0.9870957306845782,4.809433962264151,-0.045984058508179215
498,ROSM880101,1.0,5.493289216407084,30.17622641509435,1.2025891253711212,4.181132075471698,0.3057824043249885
499,ROSM880102,1.0,5.004168074036638,25.041698113207552,1.1721649755078891,3.7981132075471695,0.29113958758329095
500,ROSM880103,1.0,5.778865201652304,33.39528301886793,0.909208583871566,4.537735849056604,-0.2273181915801632
501,ROSM880104,1.0,5.500360194037382,30.253962264150953,1.1388099172895296,4.267924528301887,0.21551694640799857
502,ROSM880105,1.0,5.654619083645872,31.974716981132076,1.1681221974617357,4.433962264150943,0.2866820343412473
504,SNEP660101,1.0,6.570833208703731,43.175849056603774,0.799192454262905,5.060377358490566,-0.5165360948885032
511,SWER830101,1.0,5.736773138074736,32.910566037735855,1.0580737960966269,4.547169811320755,0.1047154985248494
505,SNEP660102,1.0,5.154371656158617,26.56754716981132,1.0637232836785522,4.101886792452831,0.09923168786061021
506,SNEP660103,1.0,4.652449141996925,21.64528301886793,1.1668579911936534,3.6943396226415097,0.26434737001510644
507,SNEP660104,1.0,5.51910917066657,30.460566037735838,0.988258671107368,4.462264150943397,-0.043587267351420156
508,SUEM840101,1.0,4.86933027823032,23.710377358490565,1.192032642290182,3.749056603773585,0.2850985939216766
509,SUEM840102,1.0,6.3768301109682195,40.66396226415095,1.0351173407539618,5.058490566037735,0.07241132691668384
510,SUYM030101,1.0,5.351000611770645,28.633207547169814,1.0379944594826584,4.083018867924529,0.05757980493877202
530,VHEG790101,1.0,6.810604938083071,46.38433962264152,0.8494457011410904,5.016981132075471,-0.3682747303951168
531,VINM940101,1.0,5.592633294773699,31.27754716981132,1.046325870913947,4.5,0.08538963330238514
532,VINM940102,1.0,6.044333070252744,36.53396226415096,1.0164599255235676,4.622641509433962,0.049987359354798144
557,ZASB820101,1.0,4.421239474464828,19.54735849056603,1.1398577857638146,3.6735849056603773,0.2165715221287844
551,WOLS870103,1.0,5.395770530947503,29.1143396226415,1.1215375814799955,4.173584905660377,0.2948158349722826
552,YANJ020101,1.0,4.433555581510131,19.656415094339632,1.2612800640151287,3.7377358490566044,0.364872971716646
553,YUTK870101,1.0,5.26417224584856,27.711509433962267,1.185554645300133,4.118867924528302,0.2772025721136243
554,YUTK870102,1.0,5.9872033349122935,35.84660377358489,0.9458124585875438,4.567924528301886,-0.11296678079944189
555,YUTK870103,1.0,5.395718078708862,29.11377358490566,1.3172209217871547,4.3,0.41832391332548857
556,YUTK870104,1.0,4.892196327383068,23.933584905660382,1.0633023108767161,3.9660377358490564,0.11954155908101582
558,ZHOH040101,1.0,5.495057813832216,30.195660377358493,1.1553298245879158,4.3943396226415095,0.24906922904905615
533,VINM940103,1.0,5.37167624307137,28.85490566037735,1.0788689938927436,4.239622641509433,0.14954415793133224
559,ZHOH040102,1.0,5.331572036215818,28.425660377358486,1.2070542390265229,4.313207547169811,0.3007244345261457
560,ZHOH040103,1.0,4.8193986941925555,23.226603773584905,1.0815080317946244,3.552830188679246,0.13400503199690783
561,ZIMJ680101,1.0,5.505263347770195,30.307924528301893,1.0239581019265152,4.475471698113209,0.04237730158019659
562,ZIMJ680102,1.0,5.758373722200419,33.15886792452831,0.9926619878939935,4.826415094339623,0.013433488529318804
563,ZIMJ680103,1.0,5.013585317499748,25.136037735849055,1.220480226643175,3.900000000000001,0.323517263982414
564,ZIMJ680104,1.0,5.129492968433386,26.31169811320755,1.1662560391780081,4.083018867924529,0.2908906642052502
550,WOLS870102,1.0,5.420506138032945,29.381886792452832,1.0764604446577364,4.245283018867924,0.16298551211473034
549,WOLS870101,1.0,5.59265016329974,31.277735849056608,0.9169005427881985,4.320754716981133,-0.078742521745514
548,WOLR810101,1.0,4.940800485140263,24.411509433962262,1.1652470653581586,3.8283018867924525,0.2915673602751958
547,WOLR790101,1.0,6.197473617957806,38.40867924528302,0.8649533178218904,4.807547169811321,-0.33300932011521
546,WOEC730101,1.0,5.5,30.25,1.0916899171547785,3.8169811320754707,0.1609717095982529
545,WIMW960101,1.0,5.78457610847303,33.461320754716986,1.0931982343698918,4.560377358490566,0.19301499376915532
544,WILM950104,1.0,4.895666162006078,23.967547169811326,1.1875694102875793,3.852830188679245,0.29363295574600357
543,WILM950103,1.0,5.80427623752604,33.689622641509445,1.0274028812716898,4.760377358490567,0.07300563143678784
542,WILM950102,1.0,5.112913728242717,26.141886792452834,1.1658100862412164,3.7660377358490567,0.2533854139008056
541,WILM950101,1.0,5.2109463885316405,27.153962264150948,1.0178790052057662,3.894339622641511,0.12026376311257814
540,WERD780104,1.0,5.752702400234204,33.09358490566037,0.9821757375180162,4.490566037735849,-0.010585843670304573
539,WERD780103,1.0,5.253462470078977,27.598867924528307,1.1731694986204912,4.320754716981132,0.29476719227883696
538,WERD780102,1.0,6.046627002983363,36.56169811320756,0.9826133382154839,4.749056603773586,-0.05275247557318008
537,WERD780101,1.0,5.330510259125435,28.41433962264151,1.1221426816071598,4.10566037735849,0.19603383816636732
536,WEBA780101,1.0,5.740619912616761,32.95471698113207,0.8475083727689774,3.973584905660377,-0.41672540247183965
535,WARP780101,1.0,4.90567634249942,24.065660377358483,1.170235299537597,4.0452830188679245,0.26096976332166155
534,VINM940104,1.0,5.955321070824291,35.46584905660378,1.007855369233472,4.69622641509434,0.011836366101246498
496,ROSG850101,1.0,5.632000884433893,31.719433962264148,0.9624662128985059,4.224528301886792,-0.09052502111642902
495,ROBB790101,1.0,4.949347203000519,24.496037735849058,1.2741439668248553,3.839622641509434,0.3910685346163947
494,ROBB760113,1.0,4.633349169693763,21.467924528301886,1.2009080953139102,3.660377358490566,0.29570105567422267
450,RACS820108,1.0,5.062719829841634,25.631132075471708,1.16216685565514,4.133962264150945,0.2680306498985091
444,RACS820102,1.0,5.968107060600745,35.61830188679246,0.9396361998380278,4.2622641509433965,-0.15132578952360087
445,RACS820103,1.0,5.2653190696918255,27.723584905660395,1.0616418436677968,4.1490566037735865,0.14551113286983508
446,RACS820104,1.0,5.74487466405146,33.003584905660375,1.1083004375758285,4.613207547169812,0.17284760577368208
447,RACS820105,1.0,6.143672922701215,37.744716981132086,0.9552209762091135,4.990566037735849,-0.013979611617753518
448,RACS820106,1.0,5.199891145449904,27.038867924528308,1.118203453376869,3.898113207547171,0.18487796470250106
449,RACS820107,1.0,5.35332730248648,28.658113207547164,1.0858731956163585,4.218867924528303,0.13764581652421592
451,RACS820109,1.0,5.351723404308785,28.64094339622642,0.9634067300944352,4.216981132075472,-0.05141680953056893
459,RADA880103,1.0,5.661955126019334,32.05773584905661,1.0051692562085848,4.29056603773585,-0.0026406204315370108
452,RACS820110,1.0,5.699619318635104,32.48566037735849,1.0908719732415089,4.573584905660377,0.20178668540366762
453,RACS820111,1.0,5.273661861928793,27.811509433962264,1.0782610285210563,4.092452830188679,0.13159422033243273
454,RACS820112,1.0,5.498198675861512,30.23018867924528,1.1500447014614912,4.41509433962264,0.24261773964065958
455,RACS820113,1.0,4.807658983919344,23.113584905660385,1.198044765534378,3.913207547169812,0.2929756071311622
456,RACS820114,1.0,5.366967451237385,28.80433962264151,1.0770805533561048,4.352830188679245,0.17725235589632649
457,RADA880101,1.0,5.444869490959807,29.646603773584907,1.0814085773096977,4.277358490566038,0.14412309781573462
443,RACS820101,1.0,4.962215725425526,24.62358490566038,1.2353883512625696,4.08867924528302,0.33293540923294607
442,RACS770103,1.0,5.888620301615972,34.675849056603774,1.002994471018525,4.6000000000000005,-0.004406289837803001
441,RACS770102,1.0,5.685068161420758,32.32,1.1817446121242285,4.396226415094339,0.27479449495528485
440,RACS770101,1.0,5.383027134621882,28.976981132075473,1.0332168053866357,4.660377358490566,0.05637734724781551
439,QIAN880139,1.0,5.90171065702524,34.83018867924529,1.037673550400012,4.898113207547171,0.05967552932944886
438,QIAN880138,1.0,6.240524893259879,38.944150943396224,0.866432406215348,5.211320754716981,-0.3410725446810874
437,QIAN880137,1.0,4.795969219533939,23.00132075471698,1.43397217210168,3.8698113207547173,0.5094779683610493
436,QIAN880136,1.0,5.0097828823514785,25.097924528301892,1.2351683809343412,3.8207547169811327,0.3455443274038079
435,QIAN880135,1.0,5.459749804206078,29.808867924528307,1.1286982487390824,4.49245283018868,0.20012723113107633
434,QIAN880134,1.0,4.644209216355678,21.568679245283025,1.4352809286566155,3.830188679245283,0.5071220436695858
433,QIAN880133,1.0,5.4445749353292126,29.643396226415096,1.1301311984487123,4.143396226415094,0.20508325492235369
432,QIAN880132,1.0,5.447519774917133,29.675471698113206,1.1306167445000501,4.528301886792454,0.20276134748645713
431,QIAN880131,1.0,4.499895176976191,20.24905660377358,1.1450476875786983,3.3094339622641518,0.22453726734898982
430,QIAN880130,1.0,5.420906420064299,29.38622641509434,0.9058083140733264,4.220754716981133,-0.20354100294807687
429,QIAN880129,1.0,4.8696402563654635,23.713396226415096,1.1207972386057137,3.8849056603773584,0.2136269113984245
428,QIAN880128,1.0,5.233113002612614,27.385471698113204,1.1302701744267907,4.1,0.20340657938815143
427,QIAN880127,1.0,4.291259216171562,18.414905660377364,1.281182879269284,3.4698113207547174,0.3791024258093575
458,RADA880102,1.0,5.410437153195594,29.27283018867924,0.9885859968129345,4.181132075471699,0.18144997841327692
460,RADA880104,1.0,5.9726104403098415,35.67207547169812,0.9968573039092338,4.815094339622642,0.06286301651420623
493,ROBB760112,1.0,4.088871228655692,16.718867924528308,1.4506572709489842,3.2377358490566044,0.5161175415994774
485,ROBB760104,1.0,5.803561040836651,33.681320754716985,0.9488686716070316,4.662264150943397,-0.10295492235790715
479,RICJ880115,1.0,6.072082729940797,36.87018867924528,1.0183012042810151,4.739622641509434,0.019043804736939896
480,RICJ880116,1.0,5.555194747193412,30.860188679245283,1.1051953065418814,4.213207547169811,0.16596795016677945
481,RICJ880117,1.0,6.421529236548649,41.23603773584907,0.888970645710494,4.835849056603774,-0.22111337882872184
482,ROBB760101,1.0,4.943492005409452,24.438113207547172,1.2622151243759046,3.984905660377359,0.37764884331760484
483,ROBB760102,1.0,4.81898760212495,23.222641509433974,1.3059974097482516,3.803773584905661,0.4114632247189982
484,ROBB760103,1.0,4.528130106804679,20.50396226415095,1.4007196558763984,3.360377358490567,0.5042549303526301
486,ROBB760105,1.0,5.4775528208918605,30.00358490566038,1.1442563065530647,4.379245283018868,0.23119485660176486
461,RADA880105,1.0,6.173192195841018,38.108301886792454,0.9321333046719661,4.898113207547169,-0.14409834811651168
487,ROBB760106,1.0,5.350859567696348,28.631698113207552,1.130142134121345,4.464150943396226,0.20636925232328063
488,ROBB760107,1.0,5.193573677841666,26.973207547169814,1.1524874779577865,4.132075471698113,0.23991254429146713
489,ROBB760108,1.0,4.881675400616178,23.830754716981126,1.0906215072562473,3.858490566037735,0.16891771841764514
490,ROBB760109,1.0,5.028484898789942,25.28566037735849,1.1772321716225713,3.9056603773584913,0.27624787865546874
491,ROBB760110,1.0,4.995412990273799,24.95415094339622,1.233414631707109,3.790566037735849,0.3303642856364578
492,ROBB760111,1.0,4.704273448604501,22.130188679245286,1.2288576118178118,3.7849056603773588,0.3468449971477169
478,RICJ880114,1.0,5.148767942018238,26.509811320754725,1.1686215923802468,4.049056603773585,0.2837779248156954
477,RICJ880113,1.0,5.335021352364832,28.462452830188678,1.2431193888759493,4.228301886792453,0.340867187666277
476,RICJ880112,1.0,4.562997194413604,20.820943396226415,1.4075090391403893,3.5981132075471702,0.49256321238682865
475,RICJ880111,1.0,4.537641312316928,20.590188679245287,1.2873449846509073,3.7622641509433956,0.38506123327425446
474,RICJ880110,1.0,6.376504631908826,40.65981132075472,0.9796315652975567,5.247169811320755,-0.0536300811549042
473,RICJ880109,1.0,5.85842402660235,34.321132075471695,0.8414874125076659,4.713207547169811,-0.42232922157226316
472,RICJ880108,1.0,4.9525674683240695,24.527924528301885,1.2547884465002548,4.098113207547169,0.41041128149082984
471,RICJ880107,1.0,5.5911317921312795,31.260754716981136,1.0857475347376873,4.524528301886793,0.14051920380610305
470,RICJ880106,1.0,5.3162087498233275,28.26207547169811,1.0763183112283772,4.115094339622642,0.19819719778360134
469,RICJ880105,1.0,5.215000135675392,27.19622641509435,1.168169794139686,3.9886792452830195,0.2538951570626111
468,RICJ880104,1.0,5.252744116622947,27.591320754716985,1.1186197168846816,4.2679245283018865,0.20732215875866422
467,RICJ880103,1.0,5.343431870150811,28.55226415094339,1.0870120891435366,3.9339622641509435,0.19871761365750673
466,RICJ880102,1.0,5.671860364994893,32.17,1.011075751711263,4.4849056603773585,0.021614522190897545
465,RICJ880101,1.0,5.9249233734397,35.10471698113208,1.0888476701709364,4.590566037735849,0.1453806795049173
464,RADA880108,1.0,4.583604909049662,21.009433962264154,1.1163489677465004,3.384905660377358,0.18237376921957615
463,RADA880107,1.0,5.0273591101732045,25.274339622641513,1.086471286828899,4.067924528301887,0.15967178207863386
462,RADA880106,1.0,4.777423320672521,22.823773584905663,1.263731918235416,3.70188679245283,0.36206062425639196
284,MANP780101,1.0,6.946968933174422,48.26037735849057,0.8334371721154662,5.403773584905663,-0.4647596084427401
283,LIFS790103,1.0,5.01300196282081,25.13018867924529,1.248185801934188,3.9320754716981137,0.39251260715876435
282,LIFS790102,1.0,6.290468980926621,39.57000000000001,1.0238669601117492,4.794339622641511,0.06853776845290305
97,CIDH920104,1.0,4.53062951184324,20.526603773584913,1.324060437205266,3.707547169811322,0.41938743594547223
91,CHOP780214,1.0,5.351952562048275,28.643396226415096,1.024379911397647,4.237735849056604,0.08129165998690457
92,CHOP780215,1.0,5.379415693878581,28.938113207547175,1.022221107554326,4.2,0.03374049824544245
93,CHOP780216,1.0,5.660871990966869,32.045471698113204,0.9587646528714173,4.107547169811321,-0.10654304609657839
94,CIDH920101,1.0,5.460579138543996,29.81792452830189,0.950601547439795,4.39056603773585,-0.1278641008632131
95,CIDH920102,1.0,5.243342589363579,27.492641509433966,1.0081075885563933,4.228301886792453,0.01674862850069303
96,CIDH920103,1.0,4.965446644296814,24.65566037735849,1.2466011834007154,3.949056603773585,0.36373569512117965
98,CIDH920105,1.0,5.83472041010972,34.04396226415094,1.0412567296991169,4.586792452830189,0.11867582453770753
106,CORJ870107,1.0,5.066966641235782,25.67415094339622,1.125512283506433,3.6660377358490557,0.19541757414713212
99,COHE430101,1.0,4.511599306441873,20.35452830188679,1.3990258594481355,3.4622641509433962,0.48173944500649024
100,CORJ870101,1.0,5.577803043533613,31.111886792452836,1.169990358878624,3.9037735849056605,0.25736844221763133
101,CORJ870102,1.0,5.96322060635023,35.56000000000001,1.0597976614023474,4.7811320754716995,0.09561756969413604
102,CORJ870103,1.0,5.074594509314243,25.75150943396226,1.1322548418514249,3.8547169811320745,0.23344393752383674
103,CORJ870104,1.0,5.354736926046864,28.673207547169817,1.2174758838759896,4.060377358490566,0.314194613299266
104,CORJ870105,1.0,6.607528582024004,43.659433962264146,0.7733175516370628,5.3452830188679235,-0.5797109384771455
90,CHOP780213,1.0,5.333358883586597,28.44471698113208,1.2455229335858593,4.194339622641509,0.3589860394592078
89,CHOP780212,1.0,5.79407635043904,33.571320754716986,0.8705187267968477,4.50188679245283,-0.344360159318001
88,CHOP780211,1.0,4.049085617719468,16.395094339622645,1.1626215564568,3.116981132075471,0.24801140875533556
87,CHOP780210,1.0,5.609762380196167,31.469433962264162,1.2213178045113056,4.445283018867926,0.33695763081327923
86,CHOP780209,1.0,5.0183249103321685,25.183584905660368,0.944653707124599,3.6471698113207545,-0.11047496893559483
85,CHOP780208,1.0,5.7490442191691535,33.051509433962266,0.9492774265237051,4.537735849056604,0.11011299688318066
84,CHOP780207,1.0,4.723725744119823,22.31358490566037,1.2167373840110605,3.6943396226415097,0.31593339784561225
83,CHOP780206,1.0,3.9315847301776463,15.457358490566035,1.3683546307723402,3.00754716981132,0.5220970627431364
82,CHOP780205,1.0,7.450123463583775,55.50433962264151,0.7929602382271635,6.035849056603774,-0.6193258516680704
81,CHOP780204,1.0,5.518066382690008,30.449056603773588,1.1356334935829135,4.467924528301887,0.21501465551636356
80,CHOP780203,1.0,4.736709310728243,22.43641509433963,1.4699854071403298,3.79433962264151,0.5466590548083732
79,CHOP780202,1.0,4.811562332077981,23.151132075471693,1.401790045335692,3.7377358490566035,0.48434439975606347
78,CHOP780201,1.0,5.677014229860423,32.228490566037735,1.019346811284076,4.375471698113208,0.04172049954600521
77,CHOP780101,1.0,6.46107357163755,41.74547169811321,0.8615494668818912,5.435849056603775,-0.3188256997273713
76,CHOC760104,1.0,5.426003080902394,29.441509433962267,1.1556739790051562,4.3773584905660385,0.26477772214543804
75,CHOC760103,1.0,5.798731155939887,33.62528301886793,1.0668030117758576,4.433962264150945,0.13005919996419701
74,CHOC760102,1.0,5.563967635514841,30.95773584905661,1.0843027380875943,4.407547169811321,0.1395267648025812
105,CORJ870106,1.0,5.684537119603578,32.31396226415095,1.1116769997152893,4.516981132075473,0.18248892778509895
107,CORJ870108,1.0,5.799869874922861,33.63849056603773,1.0158810914194978,4.3283018867924525,0.05387096362857613
72,CHOC750101,1.0,5.486277907928003,30.09924528301887,1.1642245460221745,4.328301886792453,0.25166164517725365
132,FAUJ880102,1.0,5.852656226506079,34.25358490566038,1.0656304808161339,4.29056603773585,0.11767399011127877
126,FASG760103,1.0,6.40933870547574,41.07962264150943,1.0366148726916107,4.656603773584906,0.0841235542664035
127,FASG760104,1.0,5.4423219240070955,29.618867924528292,1.071655227599,4.626415094339622,0.11330121145080785
128,FASG760105,1.0,5.46178835872205,29.8311320754717,1.0779844785692319,4.364150943396227,0.12299126039696207
129,FASG890101,1.0,6.248516805142717,39.04396226415095,0.9753857824734696,4.884905660377358,-0.0360383663211592
130,FAUJ830101,1.0,5.754866685340134,33.11849056603774,0.9963245342818713,4.577358490566038,0.044579958421647525
131,FAUJ880101,1.0,4.706919835691133,22.155094339622643,1.398495958990579,3.7735849056603774,0.48712145001444507
133,FAUJ880103,1.0,5.093280812400026,25.941509433962274,1.0919193334323525,3.758490566037737,0.14529908714421125
108,COSI940101,1.0,5.578022913420266,31.114339622641516,1.2044316384138865,4.694339622641511,0.2996687818048488
134,FAUJ880104,1.0,6.059360449470206,36.71584905660377,1.1005568516250113,4.6528301886792445,0.19235143135904353
135,FAUJ880105,1.0,5.843138210836999,34.142264150943404,0.919091817952241,4.384905660377359,-0.07362350187002087
136,FAUJ880106,1.0,5.119644002953832,26.210754716981132,1.119726362015931,3.7339622641509442,0.20277108372542596
137,FAUJ880107,1.0,5.488959759852773,30.128679245283013,1.2058136976803706,4.218867924528302,0.30759755178567694
138,FAUJ880108,1.0,5.6900276883631795,32.37641509433963,1.0422997606918782,4.3226415094339625,0.07031476466048048
139,FAUJ880109,1.0,5.348514165035454,28.606603773584904,1.2250845142488858,4.20566037735849,0.3243039316190198
125,FASG760102,1.0,5.390890289479795,29.06169811320755,1.0029122062442795,4.175471698113208,-0.012465054526234809
124,FASG760101,1.0,5.833604665747106,34.030943396226405,1.0478292617903588,4.433962264150943,0.08126800548246482
123,ENGD860101,1.0,5.697897659299354,32.466037735849056,0.9918049387991661,4.539622641509434,-0.0245094407963653
122,EISD860103,1.0,5.560134381435636,30.91509433962264,0.9155338087034216,4.366037735849058,-0.20955997563588236
121,EISD860102,1.0,5.811325961771742,33.771509433962265,1.0316030476878324,4.779245283018868,0.04226568171056888
120,EISD860101,1.0,4.793982076618915,22.982264150943404,0.9440806924538223,3.811320754716982,-0.14299222261467937
119,EISD840101,1.0,5.768162455514541,33.27169811320754,1.0561949449575845,4.667924528301886,0.09537505122582235
118,DIGM050101,1.0,5.2110912195156605,27.15547169811321,1.2543851714360303,4.2377358490566035,0.35251140963123684
117,DESM900102,1.0,5.764252230219017,33.22660377358491,0.9228520647759645,4.30377358490566,-0.1755232965773832
116,DESM900101,1.0,6.09224685137702,37.11547169811321,1.0062259846841735,4.89433962264151,-0.001983625817724155
115,DAYM780201,1.0,4.786301207120485,22.908679245283015,1.3979420120385746,3.9094339622641505,0.47862358413157546
114,DAYM780101,1.0,5.752718799394392,33.09377358490566,0.9762336014843075,4.435849056603773,-0.0693506158233077
113,DAWD720101,1.0,4.204938695624737,17.681509433962265,1.4664965129287104,3.4679245283018867,0.5323275302710385
112,CRAJ730103,1.0,5.169285195649613,26.721509433962265,1.1240140826433678,3.9320754716981132,0.21259030770718923
111,CRAJ730102,1.0,5.31191256463617,28.216415094339613,1.0173313247072524,4.518867924528301,0.08829531386130718
110,CRAJ730101,1.0,5.283027291098406,27.910377358490567,1.0637170066960946,4.209433962264152,0.11958089812403283
109,COWR900101,1.0,4.901732462311206,24.026981132075477,1.2362566527047159,3.7641509433962264,0.3417074145825333
73,CHOC760101,1.0,5.100499420608009,26.015094339622635,1.1420351196833518,4.067924528301886,0.22609424883741147
70,CHAM830107,1.0,5.8174104334268355,33.8422641509434,0.9780203138424596,4.554716981132077,-0.038203301085880215
281,LIFS790101,1.0,4.678876659247692,21.891886792452837,1.2949259351111773,3.5,0.39226423770180374
25,AVBF000102,1.0,6.198539085337193,38.42188679245284,0.832524358639323,4.8226415094339625,-0.40378174778574216
19,AURR980116,1.0,5.731310890913343,32.847924528301895,0.9792053865489164,4.516981132075473,-0.03110560694906872
20,AURR980117,1.0,4.448446835164272,19.78867924528302,1.3539942129051543,3.6754716981132085,0.47299502519408143
21,AURR980118,1.0,5.277935559817391,27.85660377358491,1.048842255490422,4.528301886792453,0.09457174231245669
22,AURR980119,1.0,4.810562278358142,23.141509433962273,1.381535366863829,3.743396226415095,0.4669492720072843
23,AURR980120,1.0,4.961474217920954,24.616226415094346,1.18121651250275,4.026415094339622,0.27048489665800823
24,AVBF000101,1.0,4.900211778249805,24.01207547169811,1.2158019503632607,3.7924528301886786,0.31931610986371506
26,AVBF000103,1.0,6.107959545651949,37.307169811320755,1.0637358856042267,4.70566037735849,0.10497005828470585
34,BASU050101,1.0,5.908213023586359,34.906981132075465,1.0407386698958554,4.881132075471698,0.07817625275283357
27,AVBF000104,1.0,6.383011059733427,40.74283018867925,0.9823273334362443,5.21698113207547,0.001218973308471205
28,AVBF000105,1.0,5.316031290280868,28.260188679245275,1.1530361551904391,3.9566037735849053,0.24035665909076454
29,AVBF000106,1.0,5.244583908887196,27.5056603773585,1.1471474929767322,4.139622641509435,0.3170945399072018
30,AVBF000107,1.0,6.038211655780212,36.46000000000001,0.8844183678322947,4.852830188679245,-0.2754091135675498
31,AVBF000108,1.0,5.734881683568397,32.88886792452829,0.994758205664747,4.643396226415094,-0.029919294454163747
32,AVBF000109,1.0,5.638847734562878,31.796603773584902,1.1110647759373835,4.483018867924528,0.18593846397888514
18,AURR980115,1.0,6.089768716369114,37.085283018867926,1.0334274167971205,5.052830188679247,0.05334394583519764
17,AURR980114,1.0,5.7407678140070795,32.956415094339626,1.080036702741975,4.783018867924528,0.19620299759770843
16,AURR980113,1.0,4.817538712380319,23.208679245283022,1.3164801405175726,3.833962264150944,0.4152352570583613
15,AURR980112,1.0,5.607188782066808,31.44056603773585,0.9862004906468501,3.8433962264150945,-0.03383033972967642
14,AURR980111,1.0,5.108021808141859,26.09188679245283,1.1764227152329112,3.650943396226415,0.27326455939725225
13,AURR980110,1.0,6.265463888320566,39.25603773584906,0.9230399964367261,4.722641509433963,-0.18085727291623543
12,AURR980109,1.0,4.277364732706784,18.295849056603778,1.3581077339199215,3.3886792452830194,0.44777035752341043
11,AURR980108,1.0,5.560999638655993,30.92471698113208,1.0627637347801482,4.816981132075471,0.1093978378766951
10,AURR980107,1.0,5.93084358758325,35.174905660377355,1.0206674616708538,4.794339622641509,0.1687666983462015
9,AURR980106,1.0,5.059923931115886,25.602830188679246,1.100473798577085,4.19056603773585,0.16399825588049355
8,AURR980105,1.0,5.843218937124452,34.14320754716981,1.0310389259825792,4.628301886792453,0.041214914049455875
7,AURR980104,1.0,5.24240690796501,27.48283018867925,1.2838571498464952,4.224528301886792,0.39117699075916346
6,AURR980103,1.0,4.443078144285379,19.74094339622641,1.264854363175343,3.3905660377358484,0.39434865017820175
5,AURR980102,1.0,5.052703367580044,25.529811320754714,1.06364278399647,4.071698113207547,0.10706878231901162
4,AURR980101,1.0,5.833200357873397,34.026226415094335,1.0636123112949813,4.79433962264151,0.13972780676882235
3,ARGP820103,1.0,4.412289868854091,19.468301886792453,1.1632968933876189,3.464150943396227,0.30324481955733673
2,ARGP820102,1.0,5.350718519904152,28.63018867924528,1.1531535926848284,4.132075471698114,0.23433128710398976
33,BAEK050101,1.0,5.67423837462575,32.19698113207547,1.0215294694765364,4.445283018867924,0.04418638908196004
35,BASU050102,1.0,5.5885833760393515,31.232264150943394,1.1599292551655378,4.367924528301887,0.2622649704386242
69,CHAM830106,1.0,6.5433244103913,42.81509433962265,1.0272388874030098,5.403773584905662,0.05022461687916191
60,CEDJ970105,1.0,5.290272311712836,27.986981132075474,1.0246125422049213,4.09622641509434,0.04004091104884833
54,BURA740102,1.0,4.994185298169545,24.94188679245283,1.0218912213844245,4.101886792452832,0.04304148176753109
55,CASG920101,1.0,5.8267276165083555,33.95075471698114,1.1369735314194405,4.6773584905660375,0.21684614986506734
56,CEDJ970101,1.0,6.766426553350505,45.784528301886795,0.8393393566125238,5.660377358490565,-0.4460064521688385
57,CEDJ970102,1.0,5.260533009797563,27.67320754716981,1.0490382520986634,4.128301886792452,0.09882426951726919
58,CEDJ970103,1.0,4.487424777316661,20.13698113207548,1.350492890342188,3.5433962264150947,0.4412874772397426
59,CEDJ970104,1.0,5.098112858399777,25.990754716981137,1.1256679410296428,4.024528301886793,0.19643329712997504
61,CHAM810101,1.0,4.532419904276217,20.542830188679236,1.293963857877071,3.5905660377358495,0.39127781908344206
36,BASU050103,1.0,5.564493229905162,30.96358490566038,0.9892587342075665,4.413207547169812,0.08678725734401171
62,CHAM820101,1.0,5.650730458708956,31.930754716981138,1.0363633647998325,4.4018867924528315,0.05274533113211988
63,CHAM820102,1.0,4.59659430940811,21.12867924528302,1.0217673152006794,3.445283018867925,0.024249061738402578
64,CHAM830101,1.0,4.961740412851956,24.618867924528296,1.2105613975861989,4.015094339622641,0.3048592589016682
65,CHAM830102,1.0,5.241309068803039,27.47132075471698,1.0629560273320504,4.056603773584905,0.13511158473374363
67,CHAM830104,1.0,5.1057865803197835,26.069056603773586,1.1070771908450174,4.335849056603774,0.17249536319272152
68,CHAM830105,1.0,5.054383488896563,25.54679245283019,1.3309748990214674,3.9509433962264158,0.44017118549595946
53,BURA740101,1.0,5.572049519616335,31.04773584905662,1.1284869728707998,4.141509433962265,0.2001950649736317
52,BUNA790103,1.0,6.3066003161108775,39.77320754716982,1.1241173177494117,4.973584905660378,0.25241553514299164
51,BUNA790102,1.0,5.605657519543546,31.423396226415097,0.918558527836304,4.483018867924528,-0.13017447649660996
50,BUNA790101,1.0,4.943053063128664,24.433773584905666,1.112011151181982,3.7641509433962277,0.1758897272603902
49,BULH740102,1.0,5.0307169675452,25.308113207547173,1.298088671738191,4.186792452830188,0.40773925097413666
48,BULH740101,1.0,4.367439559042207,19.07452830188679,1.3692496782934558,3.235849056603773,0.45720542705895517
47,BROC820102,1.0,5.715784170106958,32.670188679245285,1.0769466140749064,4.535849056603775,0.251401963486227
46,BROC820101,1.0,5.0823223038292245,25.82999999999999,1.1457574144428866,4.013207547169811,0.25445447549161015
45,BLAS910101,1.0,4.9855262207828375,24.855471698113206,1.0748142546767163,4.0,0.12041513921165015
44,BLAM930101,1.0,5.491863621552874,30.160566037735858,0.8154881872125286,4.549056603773585,-0.48685938150685715
43,BIOV880102,1.0,5.2346991768102695,27.40207547169811,1.1775701785524328,3.816981132075472,0.2653357091564682
42,BIOV880101,1.0,4.701725897486405,22.10622641509434,1.264810131470337,3.8622641509433966,0.38842707763251394
41,BIGC670101,1.0,5.102385679526932,26.034339622641507,1.1849518808147828,4.128301886792453,0.2744434361868566
40,BHAR880101,1.0,5.578919216357368,31.12433962264151,1.1223159877234894,4.379245283018868,0.19108540935806728
39,BEGF750103,1.0,5.36172670019157,28.74811320754718,1.0540692574016264,4.164150943396227,0.14137782886182593
38,BEGF750102,1.0,5.099223026275485,26.002075471698117,1.221275684688003,4.137735849056605,0.32857099552713376
37,BEGF750101,1.0,4.523836241468368,20.46509433962265,1.3714670559192224,3.6924528301886794,0.4582801460456465
140,FAUJ880110,1.0,6.295820716202618,39.63735849056605,1.0530181859496102,5.060377358490566,0.23758225591941284
565,ZIMJ680105,1.0,5.280437374680673,27.883018867924523,1.1359403201779423,4.128301886792452,0.25431561503741684
211,JANJ780103,1.0,5.228225284228053,27.334339622641505,1.1810760685620598,4.169811320754716,0.27025147479656597
235,KARS160108,1.0,5.799007722536481,33.62849056603774,0.9755689872347916,4.583018867924528,-0.06962085732522061
229,KARS160102,1.0,6.113517345981988,37.37509433962265,1.0535017298885236,4.750943396226416,0.20762250117168457
230,KARS160103,1.0,6.077859603387575,36.940377358490565,0.9532939515532841,5.00754716981132,-0.12046969456234735
231,KARS160104,1.0,4.761421224327008,22.671132075471707,1.3695074449438096,3.79433962264151,0.47155105647804685
232,KARS160105,1.0,5.967806714458175,35.61471698113208,0.9549536577650979,4.645283018867924,-0.02716311273912808
233,KARS160106,1.0,5.743445813387705,32.987169811320754,0.9408473532068371,4.211320754716981,-0.03256676272098358
234,KARS160107,1.0,4.651232338225101,21.633962264150938,1.2873178066076436,3.637735849056603,0.38817004497666174
236,KARS160109,1.0,5.9356931212949915,35.23245283018868,0.9446852190963672,4.705660377358491,-0.06065878765512278
244,KARS160117,1.0,4.923451772739384,24.240377358490576,1.2507721117644726,3.8264150943396222,0.3932622692512743
237,KARS160110,1.0,6.252607003452454,39.09509433962267,0.911389729846764,5.079245283018869,-0.1652061750270346
238,KARS160111,1.0,5.49950255040279,30.24452830188679,0.9121375685547887,4.422641509433962,-0.20174177260748527
239,KARS160112,1.0,5.609341938332167,31.464716981132074,1.1650599113818243,4.167924528301886,0.24990990283779302
240,KARS160113,1.0,5.984397953672911,35.81301886792452,1.0878263246372994,4.8584905660377355,0.17498671221955242
241,KARS160114,1.0,5.210729134507718,27.15169811320755,1.180557609881255,4.1358490566037736,0.277791659754976
242,KARS160115,1.0,5.8143446555553355,33.8066037735849,0.9092335973868292,4.315094339622641,-0.2223369036027265
228,KARS160101,1.0,4.8711511172973445,23.72811320754717,1.0125638464340614,3.994339622641509,0.008017513365753626
227,KARP850103,1.0,5.660405345842758,32.040188679245276,0.9621232484392572,4.20943396226415,-0.09883068551337026
226,KARP850102,1.0,5.547615500000793,30.776037735849055,1.109500815156198,4.454716981132075,0.17253528883198566
225,KARP850101,1.0,5.832084322707432,34.01320754716981,0.986056680749015,4.618867924528302,-0.048258962798860994
224,KANM800104,1.0,7.020858411205048,49.29245283018867,0.8372620432773674,5.19622641509434,-0.34341265899346785
223,KANM800103,1.0,4.970991321354438,24.71075471698114,1.215651255064785,3.8924528301886796,0.3177143508952245
222,KANM800102,1.0,5.650329761624037,31.92622641509434,1.0686968951174685,4.677358490566038,0.1087743208433779
221,KANM800101,1.0,5.633524986505775,31.7366037735849,1.0325085193684636,4.09433962264151,0.07032354445746891
220,JURD980101,1.0,4.480839712409035,20.07792452830189,1.3950749647729275,3.4094339622641514,0.48075963095574137
219,JUNJ780101,1.0,5.850995722387449,34.23415094339622,0.9658100893756904,4.522641509433962,-0.01458162562911891
218,JUKT750101,1.0,5.108834375789186,26.100188679245285,1.1501097075013162,3.9,0.23811903050792882
217,JOND920102,1.0,4.997527690655442,24.975283018867916,1.0526933324859788,3.945283018867925,0.17430532103009888
280,LEWP710101,1.0,5.688850399502919,32.363018867924524,1.0966314277332594,4.3169811320754725,0.2091981087220074
216,JOND920101,1.0,5.647791353246977,31.897547169811318,1.2145305332619554,4.216981132075472,0.32486060829090513
215,JOND750102,1.0,5.132232586385259,26.33981132075472,1.3374999344375162,3.922641509433963,0.43025538035995337
214,JOND750101,1.0,5.89744108243183,34.77981132075472,1.05278376346133,4.537735849056605,0.08303526381975779
213,JANJ790102,1.0,5.789629635888181,33.51981132075471,1.0776818511710886,4.462264150943397,0.21542900379212915
243,KARS160116,1.0,5.081078477111531,25.81735849056604,1.1789445274032035,4.075471698113208,0.2709011446191131
245,KARS160118,1.0,4.740113843072024,22.468679245283028,1.2832632361966834,3.6339622641509433,0.3814006196890729
212,JANJ790101,1.0,5.765725011276585,33.24358490566038,0.9961080929634833,4.511320754716982,-0.0011217988910936505
269,LEVM760103,1.0,5.1191464500792,26.20566037735848,1.1698826523320225,4.049056603773584,0.25529885085844695
263,KUMS000103,1.0,4.236833099967608,17.95075471698113,1.4691929647194195,3.239622641509434,0.5329836038555147
264,KUMS000104,1.0,5.820166631862143,33.874339622641514,0.8710796640720888,4.516981132075473,-0.27006862990895253
265,KYTJ820101,1.0,4.969985383980635,24.700754716981137,1.32441082383495,3.7962264150943406,0.44928179257070666
266,LAWE840101,1.0,5.327022602854314,28.37716981132075,1.19361549193215,4.254716981132076,0.3198911182191204
267,LEVM760101,1.0,5.1642091944240205,26.669056603773594,1.0976851114898605,4.233962264150944,0.1545380369548751
268,LEVM760102,1.0,5.943523508670022,35.32547169811321,1.082044443304276,4.650943396226415,0.14546835557640792
270,LEVM760104,1.0,5.1506548402139,26.52924528301887,1.2291345966914013,4.530188679245283,0.3683345241168978
279,LEVM780106,1.0,4.146287268534048,17.191698113207536,1.4565006980890038,3.3018867924528292,0.5369300923647786
271,LEVM760105,1.0,6.106615651650358,37.290754716981134,1.046847585437691,4.579245283018868,0.06996646666946105
272,LEVM760106,1.0,6.090744602371762,37.097169811320754,1.112827766758881,4.986792452830188,0.17741246308613012
273,LEVM760107,1.0,5.5766866473080725,31.09943396226415,1.0615192800768847,4.179245283018868,0.09584338630562039
274,LEVM780101,1.0,6.2333854637446136,38.85509433962265,1.1163387277927637,4.664150943396227,0.18219578272580805
275,LEVM780102,1.0,5.956667423354507,35.481886792452826,0.920250335925008,4.879245283018868,-0.16207358082462542
276,LEVM780103,1.0,5.391030286241194,29.06320754716981,1.008593605991203,4.167924528301886,-0.001768269768649633
262,KUMS000102,1.0,5.572692855377673,31.054905660377354,1.0969435960898037,4.549056603773585,0.15344946048956587
261,KUMS000101,1.0,4.891772067693276,23.929433962264156,1.0216656858692374,3.9056603773584913,0.05064952346198659
260,KUHL950101,1.0,5.328102781035949,28.38867924528302,1.3262394708576108,4.09811320754717,0.4343466375227263
259,KRIW790103,1.0,5.06880954353971,25.692830188679242,1.1260956323188769,3.860377358490566,0.26091300820867225
258,KRIW790102,1.0,5.410855615387094,29.277358490566048,1.2417779522069696,4.532075471698113,0.3390268899874398
257,KRIW790101,1.0,5.413818796585656,29.30943396226416,1.094240427819353,4.19245283018868,0.15395762656137735
256,KRIW710101,1.0,6.533657417196208,42.68867924528302,0.9950280990891918,5.120754716981132,-0.025583471307663475
255,KOEP990102,1.0,6.148922286305045,37.80924528301887,1.0652517780840962,4.960377358490568,0.11473966871417152
254,KOEP990101,1.0,4.402679287168255,19.38358490566038,1.1911917306957116,3.4999999999999996,0.28206508331651303
253,KLEP840101,1.0,5.243216641978184,27.491320754716984,1.2627594042117671,4.173584905660379,0.40836590829215846
252,KIMC930101,1.0,5.607575738264919,31.44490566037735,1.0278473088405928,4.40377358490566,0.03687448924690728
251,KIDA850101,1.0,6.438724237868925,41.457169811320774,0.9514548786482845,5.050943396226417,-0.1235073296408622
250,KHAG800101,1.0,5.847963683649465,34.198679245283024,1.024503205548389,4.481132075471699,0.0461822991237586
249,KARS160122,1.0,5.359315642033355,28.722264150943392,0.9080604979532063,4.279245283018867,-0.19006166189280305
248,KARS160121,1.0,5.353450659365803,28.659433962264156,1.1591248123991427,4.371698113207547,0.2491629480060955
247,KARS160120,1.0,7.103878823545814,50.46509433962265,0.8815020603216133,5.7867924528301895,-0.30260877514759965
246,KARS160119,1.0,5.708269406978047,32.58433962264151,1.0469888167909371,4.450943396226415,0.07722886212880253
143,FAUJ880113,1.0,5.817053653487062,33.838113207547174,1.1290936133667708,4.679245283018868,0.20122267662926663
277,LEVM780104,1.0,5.4437778225357505,29.634716981132076,1.1214739702463001,4.350943396226415,0.19908645571296169
278,LEVM780105,1.0,6.136912750985429,37.66169811320754,0.9687502216280919,4.6773584905660375,-0.08230258509870936
167,GEIM800105,1.0,5.996225227685504,35.95471698113208,0.9597569801218389,4.758490566037736,-0.08717034951710345
161,FUKS010112,1.0,5.743790740919424,32.991132075471704,0.9941645699351507,4.247169811320755,0.06730302507636388
162,GARJ730101,1.0,5.53672132393061,30.65528301886793,1.0628692932245347,4.254716981132076,0.09792269818731658
163,GEIM800101,1.0,5.084512184167071,25.8522641509434,1.074704364328055,3.80188679245283,0.1265977621547555
164,GEIM800102,1.0,7.000566014852078,49.0079245283019,0.8172264211474478,5.279245283018867,-0.5097698640451391
165,GEIM800103,1.0,5.480944692019901,30.04075471698113,1.0554683669885632,4.252830188679245,0.19263906489478244
166,GEIM800104,1.0,5.571473840440874,31.04132075471698,1.028042614333648,4.526415094339622,0.0627153121531282
168,GEIM800106,1.0,4.645894921609992,21.58433962264151,1.1817087447482266,3.854716981132075,0.3141825023010998
176,GEOR030103,1.0,5.849834701744644,34.22056603773585,1.086532592978254,4.620754716981132,0.1754182542187378
169,GEIM800107,1.0,4.543541964690726,20.643773584905663,1.3366501357510772,3.732075471698114,0.4525699966433562
170,GEIM800108,1.0,4.304999287796053,18.53301886792453,1.2781296967300977,3.50377358490566,0.4241100630415706
171,GEIM800109,1.0,6.3523877549059655,40.35283018867925,0.9346995178329974,4.8,-0.10432124927621
172,GEIM800110,1.0,4.697570628667625,22.067169811320753,1.2569146463465533,3.7660377358490567,0.35533088859002093
173,GEIM800111,1.0,6.694985450968452,44.82283018867925,0.8946394200753753,4.983018867924529,-0.1476935699267785
174,GEOR030101,1.0,5.796876191959395,33.60377358490566,0.9406090523519264,4.494339622641509,-0.14159870067675495
160,FUKS010111,1.0,5.909538180723935,34.92264150943396,1.0509440868744016,4.637735849056604,0.0773236879485999
159,FUKS010110,1.0,5.785440411474046,33.471320754716984,1.1112387382191198,4.456603773584907,0.1854899382238635
158,FUKS010109,1.0,5.180824586513852,26.84094339622642,1.213727961937088,4.258490566037737,0.31026968098578367
157,FUKS010108,1.0,4.892543421583039,23.936981132075466,1.1410002247051756,3.969811320754716,0.22254176896366995
156,FUKS010107,1.0,6.235488814416796,38.88132075471698,0.9571554346332509,4.80943396226415,-0.0904941396397978
155,FUKS010106,1.0,5.717698441829379,32.69207547169811,1.0714769063932974,4.422641509433962,0.15381944189330776
154,FUKS010105,1.0,5.15043504299156,26.52698113207548,1.0803936164391015,4.073584905660378,0.13222733353520244
153,FUKS010104,1.0,5.5305156878527075,30.58660377358491,0.8404362889039987,4.266037735849057,-0.3590390843098781
152,FUKS010103,1.0,5.80504010029541,33.69849056603775,1.0430201115361268,4.335849056603774,0.06398765426966735
151,FUKS010102,1.0,4.632371738594422,21.458867924528306,1.2152003061133536,3.520754716981132,0.3147509643473173
150,FUKS010101,1.0,6.503511388270071,42.2956603773585,1.0749003441001723,4.760377358490565,0.1340556440186994
149,FODM020101,1.0,4.881327533629149,23.82735849056603,1.2799892993802602,3.7301886792452823,0.3974825302740115
148,FINA910104,1.0,5.254306409894326,27.607735849056603,1.2041287111880168,4.258490566037736,0.3089905402808544
147,FINA910103,1.0,6.213178325596359,38.60358490566038,0.9896826079407226,4.813207547169812,-0.011246221958816083
146,FINA910102,1.0,5.413679389131008,29.307924528301886,1.1453120613201604,4.2075471698113205,0.23277901040351223
145,FINA910101,1.0,4.817754115454745,23.210754716981132,1.2237311199790455,3.7943396226415094,0.36666789151107704
144,FINA770101,1.0,5.368531649852844,28.8211320754717,1.086074474805215,4.3283018867924525,0.16092364998639186
175,GEOR030102,1.0,5.086367276895339,25.871132075471706,1.1452255809256917,4.043396226415096,0.22361245939378904
177,GEOR030104,1.0,7.3221555749759215,53.61396226415096,0.8364336823823255,5.520754716981132,-0.455745186750129
210,JANJ780102,1.0,5.885976298043688,34.64471698113208,0.9128393398246124,4.662264150943396,-0.06857984466426537
202,ISOY800103,1.0,6.3487779242997195,40.30698113207546,0.9424094327323971,5.266037735849056,-0.13609602160806422
196,HOPT810101,1.0,5.326455864406623,28.371132075471703,1.0011264796441248,4.330188679245283,0.024957922393453402
197,HUTJ700101,1.0,6.322272698600695,39.971132075471715,0.9719914959756784,5.0698113207547175,-0.07818613321034662
198,HUTJ700102,1.0,5.687938247681137,32.352641509433965,1.058435391900905,4.59433962264151,0.11394768192693872
199,HUTJ700103,1.0,5.7332857976675005,32.87056603773586,0.9892062774310622,4.600000000000001,-0.03573057841170857
200,ISOY800101,1.0,5.9600082309681035,35.52169811320754,1.0276396952044564,4.688679245283019,0.04495033676286697
201,ISOY800102,1.0,5.344332212021707,28.561886792452835,1.063809529063702,4.037735849056604,0.11558303061870534
203,ISOY800104,1.0,5.047510127831943,25.477358490566036,1.2767296596756668,3.645283018867924,0.37610697175305297
178,GEOR030105,1.0,5.054850090157202,25.551509433962273,1.285727289266901,3.881132075471698,0.3890265908180732
204,ISOY800105,1.0,5.517296986544756,30.44056603773585,0.8867046048562387,4.375471698113207,-0.24861418951083536
205,ISOY800106,1.0,5.310047436095549,28.19660377358491,1.2858252615383223,4.10188679245283,0.3908226333326328
206,ISOY800107,1.0,5.767181058237254,33.26037735849057,0.8302125590019548,4.415094339622641,-0.47573296815898813
207,ISOY800108,1.0,4.4588051534269155,19.880943396226417,1.1507843513186102,3.4509433962264153,0.23078220656400994
208,JACR890101,1.0,5.480066794800197,30.031132075471703,1.0696381228064926,4.367924528301887,0.11277616182062578
209,JANJ780101,1.0,5.421585091618537,29.39358490566038,1.085932931887044,4.475471698113207,0.13879285113424544
195,HOPA770101,1.0,5.325481641784256,28.360754716981138,1.1567656365854717,4.305660377358492,0.24336170905240695
194,HARY940101,1.0,5.151039462785139,26.533207547169813,1.2414255858667282,4.075471698113208,0.3626439796522485
193,GUYH850105,1.0,5.2883460338356185,27.966603773584914,1.030080197901243,4.013207547169811,0.04308641616030384
192,GUYH850104,1.0,5.271711619220689,27.790943396226414,1.1063137534241825,3.943396226415094,0.17776526603676035
191,GUYH850103,1.0,5.211670503203582,27.161509433962273,1.0979533813573712,3.9320754716981137,0.1554552407691544
190,GUYH850102,1.0,4.972433442452764,24.72509433962264,1.1703807609150796,4.00566037735849,0.25983085638863146
189,GUYH850101,1.0,5.343043440544647,28.54811320754718,1.0850373976989875,4.266037735849058,0.18030288635931802
188,GUOD860101,1.0,5.117155754798551,26.185283018867928,1.1914211700437498,4.079245283018868,0.2824494711118044
187,GRAR740103,1.0,4.7560091086444976,22.619622641509427,1.2104944867244376,3.5207547169811324,0.3144047466045089
186,GRAR740102,1.0,4.8541171009967075,23.56245283018868,1.189103970063887,3.9528301886792447,0.2791787972264129
185,GRAR740101,1.0,5.71980999816378,32.71622641509434,1.0174627188073704,4.686792452830189,0.020546482041942316
184,GOLD730102,1.0,4.965636632881157,24.65754716981132,1.127811335509757,3.945283018867925,0.19915092368517073
183,GOLD730101,1.0,5.864089628391719,34.38754716981133,1.0376839673275329,4.705660377358491,0.0873327673331672
182,GEOR030109,1.0,4.153879750441998,17.25471698113208,1.3096468030376485,3.3471698113207546,0.4842234423225509
181,GEOR030108,1.0,6.305149138630852,39.75490566037737,0.955759290973734,5.1000000000000005,-0.10843412978667843
180,GEOR030107,1.0,5.796160082167607,33.59547169811321,1.2510413301229422,4.675471698113208,0.3513749482098194
179,GEOR030106,1.0,5.840457464636346,34.11094339622641,1.088056756249772,4.441509433962263,0.16336262782458533
142,FAUJ880112,0.9890061644686885,5.705847712058879,32.55669811320754,1.0340360576984744,4.458490566037735,0.047933583397454904
71,CHAM830108,0.9875524441956395,4.930947706376419,24.314245283018867,1.0736870690646994,3.724528301886793,0.14482994444232988
66,CHAM830103,0.9818801968150613,5.215126764500679,27.197547169811322,1.120358375031985,4.209433962264152,0.19386485957353283
141,FAUJ880111,0.9814718663036912,6.187380644932315,38.28367924528303,0.9364769512690219,5.150943396226416,-0.08539201365683469
529,VENT840101,0.9700552932486562,6.009053703795162,36.10872641509436,0.9142821990386041,4.825471698113208,-0.18457397802908004
